,prediction
0,6136.9740079200965
1,4440.298424794154
2,3701.4106499919867
3,6731.184412967313
4,7793.709637061262
5,5143.988632405084
6,6819.190979435949
7,7193.413232894928
8,7370.460427391203
9,6449.704368842418
10,6209.9314346808105
11,7894.434909074353
12,5368.0979356420685
13,4597.314222401802
14,3244.9110693952116
15,5407.22801597923
16,5133.3988529505605
17,7895.164569239524
18,5772.357297006469
19,5891.52574470114
20,3914.4908440222753
21,8083.330636061728
22,7769.493562034155
23,4501.521573272831
24,6333.690420682723
25,5667.178048344636
26,6401.232777995612
27,6662.875516803568
28,3686.907346745269
29,5277.914977321671
30,3759.833686132608
31,5415.844763547712
32,4778.957531823815
33,5461.180847122361
34,5797.716707343162
35,5021.839679621489
36,5290.876452995124
37,6613.263590557147
38,3629.041900388458
39,5918.941933722441
40,4428.598560600196
41,5645.433490730658
42,8041.9440479678515
43,4447.733568156433
44,4735.067768663435
45,4853.5346412302515
46,7435.841136172146
47,7172.621247708297
48,5632.789509304961
49,6094.676391812405
50,5199.032454666046
51,6629.728175545925
52,6401.115682746664
53,3807.013149475678
54,5359.852439796555
55,4410.304743968402
56,6549.465056901052
57,6743.147403405381
58,4314.934335254406
59,4935.47386587016
60,5186.067077009766
61,4823.225467522659
62,4982.3753478481685
63,4066.7593581842093
64,4637.464279049536
65,7756.362384473125
66,8239.438201899935
67,4687.750335031463
68,5952.879550451107
69,4425.24493673938
70,6141.682608263391
71,5535.487263986146
72,4893.130766490519
73,4904.307938388982
74,4684.364447061011
75,5360.343814238482
76,6851.839373049184
77,4036.9480563351644
78,6672.195483199286
79,3714.5202881577825
80,6221.957517959477
81,5509.950927676777
82,6359.224483866194
83,5274.5507677121
84,7090.034275979757
85,4724.972276758754
86,5761.618620199526
87,6329.276305015775
88,7971.875867590879
89,6952.282776259852
90,5358.183761209573
91,5236.549533038283
92,6271.399233142414
93,5295.464674108513
94,3686.8251626460137
95,4380.072839797549
96,7588.813405446341
97,4812.353460224365
98,4204.347344938273
99,4212.052026271551
100,4183.619917921268
101,4309.541533411059
102,5675.325923197404
103,5596.6356748346625
104,5704.22292413729
105,6359.145586392274
106,6114.413690713225
107,4772.129004084193
108,6188.963615099643
109,5565.367386141195
110,4203.506354443225
111,5172.882793797642
112,4681.4770193607
113,4302.635034082814
114,4692.564412430711
115,6380.529746431562
116,4703.520071213225
117,6042.309958057799
118,4670.195457802172
119,4487.485692502314
120,5100.6444941227555
121,5077.29956774454
122,3756.495589315389
123,5869.789703810648
124,4504.4293747174215
125,5317.493091907925
126,6069.385904095861
127,6547.903552647986
128,3907.711576874248
129,5224.1404813175595
130,5125.365071495281
131,5668.323132109304
132,4735.315505547291
133,6394.460304094343
134,3826.148901086386
135,5276.793584532666
136,5827.2166661252895
137,5910.59360535531
138,4529.235352767216
139,5283.106730828138
140,5647.938737396164
141,5866.973732855892
142,3748.176727765601
143,4203.508494805121
144,7748.782881242649
145,3756.3717378215815
146,4614.9664215306775
147,8232.828116980516
148,8391.831147090737
149,6867.63622356488
150,4021.116490684623
151,3910.409490220103
152,6146.015189971127
153,4980.460490669832
154,5829.337030575304
155,5989.7349543236905
156,5422.7762748594405
157,6905.239160262816
158,6057.196037178667
159,6245.661486648762
160,6568.483942340879
161,5082.281929721039
162,5949.463080562859
163,6993.182093147296
164,6828.523940022086
165,5817.651430670656
166,3889.188683355677
167,8389.118835479578
168,3649.134225970056
169,3511.3617180795236
170,5419.585572360647
171,7986.2079756615
172,5366.079720915539
173,5784.735836220969
174,5050.142453454648
175,5417.6821364615935
176,6827.882256557115
177,3783.8337527508356
178,5844.940335498116
179,5575.632311320437
180,5109.777405949924
181,3756.686158226145
182,5632.665243862219
183,3424.098030292002
184,3352.363069117894
185,7495.79242543148
186,5235.581968658482
187,4822.953040307447
188,3831.4651647599085
189,5415.2733425847
190,4246.269228279306
191,8291.560418378986
192,6197.651264114802
193,6571.058971709144
194,5958.230175664421
195,4013.7523098736297
196,4967.802655005163
197,4313.976182991257
198,8107.933555542338
199,6359.888267548727
200,4842.117985508785
201,6336.595094737993
202,3845.3534974770296
203,7748.658861160455
204,5992.029091474851
205,3843.788773027639
206,5617.499648860628
207,4829.172363305732
208,6718.58711632505
209,4995.51327418955
210,8278.992120850653
211,4596.569305135561
212,8681.615803748615
213,5560.142274154536
214,5268.253981806277
215,4957.535008484195
216,5472.774463555081
217,5183.768428534831
218,5934.162790108332
219,5855.284592985836
220,6496.023644968438
221,5496.676296658969
222,5261.509094966059
223,5557.183866473808
224,6800.676109054213
225,6981.2391379818955
226,7074.765909685841
227,6835.951586688433
228,5720.333448098981
229,5287.974925569266
230,5353.658523291277
231,8485.192883465836
232,4493.653991263318
233,6523.985580812167
234,4042.6137834652977
235,5825.88064114058
236,5583.6244507602005
237,3925.8131484236674
238,6784.6627348164975
239,6362.2156228877675
240,4665.61051722224
241,7006.372573828439
242,3632.623021903627
243,4728.2507919435775
244,6518.305947192421
245,3672.440498389016
246,4067.947727106386
247,5931.244708273516
248,4586.751382339639
249,4037.8235693881884
250,5528.657034462511
251,6397.486917165903
252,5857.673707521289
253,3853.0598156349024
254,4050.0319595328206
255,4772.044087529837
256,5800.287058049862
257,3674.844965388273
258,6954.14155629866
259,6338.835879854089
260,8178.777731491478
261,5422.538174290129
262,4248.071758456688
263,5853.426011133595
264,4000.3439530670503
265,4162.539827892003
266,6285.295232770977
267,3274.645442923706
268,6277.716544401939
269,6171.504165956374
270,4188.659880535773
271,4545.008301576787
272,4003.6131512990237
273,5595.495126620446
274,6112.428638340097
275,5452.467361359091
276,5302.0309846550645
277,3947.6585686270255
278,4220.078330095481
279,4615.619997715824
280,6486.313026331691
281,6835.506694581315
282,7552.856760687326
283,7179.404870158691
284,6433.42046067083
285,8125.713213412968
286,4601.509403888658
287,3862.0999567167273
288,5180.442163723159
289,4503.54870216462
290,5891.469104324726
291,4120.095832639915
292,5743.046974175248
293,4362.188339687493
294,5585.447001954666
295,5395.2742744518255
296,6020.350854461762
297,5328.849959160241
298,7540.325024799326
299,6286.348043287982
300,6058.23013412475
301,7911.083721393213
302,8277.065402753411
303,5595.794806177973
304,7881.953775602592
305,7659.492659019061
306,6394.841444547486
307,6302.112607928347
308,7639.019632090894
309,5494.078856368581
310,7184.46915660599
311,7386.287410957606
312,8910.401066544593
313,5519.200468038797
314,6172.507204271034
315,6566.242022009744
316,5355.523353679796
317,8580.128101118455
318,7139.110794667482
319,6992.717769515607
320,4843.761943055713
321,5266.904836668747
322,5046.573893510074
323,5286.986402808967
324,7270.600238777317
325,4251.911694275101
326,6293.533524997632
327,5665.592773645319
328,7395.07676226693
329,4584.119150292018
330,7627.671718779284
331,5619.379241082389
332,5901.729605242661
333,6025.7387671340375
334,4059.208219481267
335,4625.534527765258
336,4283.35404743129
337,6758.791284088817
338,8514.756991504706
339,6066.825343268459
340,7828.643640509208
341,5867.098650159429
342,4257.063876789104
343,4576.307126087141
344,3855.597178447132
345,5304.285378667414
346,4069.915180149768
347,7339.931327871401
348,5297.260301945893
349,6856.772413177656
350,6538.270304969428
351,5703.993950030786
352,4266.056430630305
353,7637.536028926041
354,3853.1892087775796
355,5057.971339456958
356,6508.398691879207
357,6052.312241106155
358,7657.720488099631
359,6212.700615002815
360,6690.696719200432
361,5877.69980223962
362,3734.7331926744855
363,4529.787916228117
364,4657.206770718302
365,6550.085220395272
366,4491.448483181908
367,8165.13213333505
368,5762.520205534705
369,7750.795874978413
370,3341.5825265974167
371,6127.195375007439
372,4486.875437655022
373,4782.618378632134
374,5952.600203706737
375,7241.032067006465
376,5926.629870875697
377,5057.271224888163
378,7601.412871652787
379,6737.501896572005
380,7551.211599786081
381,4033.288877078188
382,4720.481478202917
383,5294.81912826488
384,5920.162139329984
385,6400.048864407905
386,4277.971760383705
387,6523.406075357938
388,5458.598495209893
389,4328.117084000196
390,5517.261548065097
391,5738.629040269534
392,6760.224432931119
393,6742.189817471054
394,7742.25219509848
395,3809.5752110353346
396,5103.49258541883
397,7869.114048585255
398,5032.935094680843
399,3595.2519048862687
400,8319.838751465926
401,5628.160360582953
402,5842.909439283345
403,5242.675125833251
404,3996.8228157860112
405,5483.869005415292
406,3535.6973428763295
407,6268.422204778601
408,7479.37460832978
409,5516.832523004703
410,4829.112315390789
411,4552.162871295097
412,7182.545021910989
413,5904.523112639354
414,5871.0913535141335
415,5223.00770216315
416,3833.7938094082465
417,6958.1647398539535
418,6333.1849963708955
419,4490.545269577268
420,3774.9308971008986
421,6767.707663600188
422,3928.3773335355827
423,6332.19947193561
424,7577.590200334652
425,4396.202265372449
426,6019.487836883296
427,6141.986426623736
428,5126.44936713774
429,3828.675461928865
430,5843.003565942168
431,5898.063727522775
432,8935.382548552423
433,8184.111160231985
434,5601.269564430615
435,5345.427304852042
436,6965.649376775083
437,4960.802559404594
438,7534.70660858307
439,5277.83085298194
440,8108.420121814364
441,6460.8843912451875
442,6326.637114797519
443,4696.953142826544
444,4245.30172803429
445,4121.170188452587
446,6397.541601275776
447,4057.062420248648
448,7718.171155271953
449,4738.9465303972665
450,4075.667131252613
451,5812.4091036748005
452,4634.300177482923
453,4248.6061528157425
454,4773.679780582353
455,4875.409683616893
456,5164.09806540542
457,4465.350136462463
458,8744.26297795583
459,6434.844806961701
460,7503.394791120077
461,4637.91380887493
462,5111.351914134082
463,5680.253467731385
464,6310.256225832776
465,5018.517084271091
466,4428.746225012619
467,7060.631537826918
468,6034.0477595852135
469,6061.418820035119
470,4632.071902747736
471,4434.002093923219
472,7171.038718906851
473,5098.824378865706
474,4220.875248138278
475,6672.866959970515
476,5812.74830528038
477,4342.316758139642
478,7153.188436260787
479,6372.473493234151
480,6381.53132941128
481,8294.858722023411
482,6727.2755964534945
483,6923.842940337823
484,5989.484594368227
485,7511.2426303407665
486,7944.212050715948
487,5429.8030312692235
488,6091.998871581909
489,5282.998837828123
490,6260.6897246891485
491,6542.756775640077
492,5429.126109633426
493,5460.509363516972
494,3792.5014943042643
495,3630.4073116257973
496,7128.741908453469
497,4875.580904338886
498,5948.514873819665
499,5073.889660473826
500,5483.345936752436
501,4789.615825651387
502,4269.5181924288945
503,8441.120813963178
504,6988.4526185141685
505,8149.844744061867
506,6076.714296065684
507,4965.438530847156
508,4723.841496485168
509,5133.6144469515275
510,4934.401648977333
511,4826.384416595263
512,4135.561259146855
513,5652.876921296742
514,5184.652581984096
515,5695.329370113516
516,3801.7999868483944
517,4198.825491707672
518,4754.923467229249
519,3371.5850514192625
520,6219.5789426173205
521,5596.579274518576
522,5928.900210751595
523,6644.0572515471795
524,4031.8561761520377
525,3543.0381699366253
526,6060.857641274819
527,4265.383254688609
528,5715.94802041724
529,6796.340280467007
530,7940.835225842127
531,7787.896251199778
532,7081.112669047926
533,6571.06769009939
534,5656.65286474879
535,4375.593889571042
536,5460.695957788466
537,6544.196952107084
538,6284.821930703291
539,5293.235237620085
540,4235.56216929804
541,5556.625401825551
542,5402.096018999648
543,3947.3010125526293
544,7653.120931138146
545,5314.30571890125
546,5462.795346161013
547,7711.507191245042
548,3674.886164773521
549,4067.1530894815482
550,4670.493009788583
551,3499.7042495436535
552,4759.011868700254
553,4166.173625358475
554,7103.625933334603
555,6593.500519920117
556,5281.188976964462
557,5191.450730029701
558,7442.109908052373
559,5252.059797484676
560,8148.54876285166
561,4859.771092292387
562,5681.544762518772
563,4874.034573870844
564,5182.594939349855
565,4087.933726802876
566,6664.419018313413
567,6946.622577423767
568,6947.211085599099
569,3594.352405403076
570,4893.097197873042
571,6994.032569780464
572,4793.762993930675
573,4889.928606010797
574,5333.013956318744
575,4569.0520354416985
576,4824.967666323994
577,6065.580594701194
578,4225.12745026346
579,8038.4624613042315
580,6114.589040604282
581,5253.972909504698
582,4065.4946818072012
583,7575.068050397178
584,8310.906039432051
585,4545.7818303374615
586,3872.9589714689255
587,4685.334513246614
588,5189.505311598087
589,5115.574192007838
590,6765.124789016387
591,4325.481857779001
592,4732.044774716705
593,6767.303789413423
594,5683.924423958183
595,3871.842467015648
596,4545.664455404047
597,4881.692860816111
598,4591.734097407252
599,4418.58378334659
600,7714.261669771256
601,7536.371192578605
602,4727.15647818507
603,5621.880572158892
604,5982.5960996728345
605,7011.4623309253675
606,4278.6644740975125
607,4566.400485538062
608,7011.88366690658
609,4852.657806727387
610,3592.2380167441474
611,6145.791136564369
612,7149.301247708143
613,4888.446295294382
614,3729.8812143409314
615,4547.31172335089
616,4320.424285869627
617,7105.747081882374
618,5939.682742633253
619,6642.833795756203
620,7926.3994129863995
621,5962.171758121295
622,5700.470653052167
623,4535.089607439277
624,4222.214333846302
625,6643.955915010831
626,6607.955151012522
627,5045.747507637192
628,3465.129725720846
629,6373.883326721075
630,5313.2081062865545
631,4969.313256167362
632,5366.726103749266
633,5279.660832161316
634,6374.420606562988
635,5645.860501265021
636,4328.977970540713
637,5934.451228538608
638,6868.1331614790915
639,5131.90120753839
640,5808.739834322256
641,5286.9870362785205
642,5140.2456949164625
643,4422.856030623265
644,7401.216836570333
645,4875.981577747725
646,5660.93417247771
647,5697.587600805901
648,4064.631504706653
649,5764.9654409902405
650,5697.732535084147
651,6415.870604022795
652,5029.4896365494305
653,6404.423283423833
654,4520.014742833022
655,3970.060971204427
656,5351.67141458189
657,5654.682574945083
658,4693.253217266848
659,6782.718831327176
660,6176.414319322715
661,4001.171228053092
662,4069.757496361841
663,7206.404331138648
664,5006.240227731616
665,6272.253540752419
666,8105.947325580955
667,3510.508041501399
668,7680.1398275986685
669,6884.9265331224415
670,5015.667143829891
671,7020.195500695514
672,7547.265032643261
673,6393.299609707102
674,6994.392017413917
675,7249.957903964196
676,4502.901038276802
677,7491.270627520978
678,5970.671720090492
679,4617.142001567789
680,4823.316754012004
681,7949.2229304124485
682,5967.998246203742
683,5195.587310358254
684,5378.881414397158
685,8415.043733524439
686,6900.974121798412
687,6369.1958447179095
688,3736.038534463214
689,6502.556651428196
690,4030.468237390701
691,6540.382115426386
692,5554.0095865173835
693,7582.115250713408
694,5415.3017513625
695,7931.9585487229
696,5786.809871315743
697,3964.8356640479187
698,7217.005931554864
699,6893.466917730489
700,5355.1881200049875
701,6915.57408094972
702,5463.35839317636
703,3685.5288406352024
704,5324.691579078188
705,6397.603123352275
706,4816.819359319476
707,5946.750138224434
708,4934.075879061354
709,5815.440450287122
710,5531.544744934661
711,8314.443499176956
712,6100.9968072685
713,4067.251751921067
714,5634.013470040969
715,8167.837136409219
716,4605.9560860308375
717,7884.818205369595
718,3486.6495530058028
719,4703.197751180273
720,7440.254804694699
721,5631.893119302202
722,4637.123046027242
723,5357.202529034498
724,5495.841666649608
725,6045.236979641938
726,7957.296787871083
727,4980.234941520535
728,5854.869122849175
729,4554.8760074228
730,5777.437009292253
731,6183.743754442323
732,5286.318090796023
733,4071.701226122799
734,4296.850547843622
735,7217.793695268245
736,5619.262753978615
737,6089.880224840117
738,4788.6539400588645
739,3449.2488396960816
740,8470.31092376483
741,4856.282242693769
742,4214.93338564241
743,8554.217360773575
744,5809.742509700958
745,7634.022937247796
746,5023.924901574791
747,7937.298255621122
748,6112.272562214347
749,7272.426376358266
750,5249.383297970911
751,5593.4667338443305
752,5422.4459280365745
753,4188.0608384721545
754,3881.5545476429133
755,6373.257347857138
756,7723.676626517869
757,4796.5324166965565
758,5518.079540159462
759,5149.274811840773
760,6147.573485618344
761,4284.184973365593
762,4684.771441641361
763,5664.235494719876
764,5782.20268830647
765,4839.772340142334
766,4099.994761777545
767,4521.935984159993
768,7469.71645311604
769,4098.685628432677
770,4482.074693313765
771,6634.49351923373
772,4618.462388638826
773,5327.899654249886
774,5539.7866354240705
775,4186.366244652618
776,3526.8990458717144
777,5914.86203612652
778,6303.077694812247
779,3729.5339761290616
780,6073.864239151137
781,5616.806947719429
782,5200.112568012414
783,4442.857726980781
784,3831.3434991742906
785,5259.114468979856
786,4715.087977913717
787,5445.070858548717
788,5984.311813740313
789,4148.687364891002
790,5237.728823562938
791,5589.543971526561
792,5799.083212458134
793,6673.786702142774
794,4283.593829957779
795,8107.737338982865
796,3584.8090159303156
797,5946.726273418872
798,7329.783528355622
799,5321.400793665883
800,5455.787518778797
801,5651.8561746678
802,6127.928846076897
803,4552.613312762405
804,4894.796155490967
805,5291.744053919292
806,6222.535408648874
807,5616.967422002253
808,4380.681004458201
809,5857.507179841427
810,4317.826739333416
811,4650.586312082153
812,7547.281875380056
813,5663.67916319883
814,5324.7799888703075
815,4233.16202502621
816,7373.219400984955
817,5417.66081200837
818,5895.048065350522
819,3787.1922537636237
820,3484.4677216979894
821,4027.170450256764
822,7422.727904393116
823,5419.144258159457
824,8033.970164511292
825,5549.540701867616
826,4524.656603323474
827,4361.035143993031
828,6027.246039712809
829,3932.8058781728682
830,8774.562390136834
831,4217.348294720913
832,4204.230564578025
833,7419.827484993899
834,5867.197516801046
835,6245.029995882816
836,5290.021168316678
837,8843.642798511755
838,4769.854651942644
839,6036.840259982868
840,7131.161147293125
841,8507.379567077985
842,4047.5614190134092
843,5787.6837393798705
844,5426.542453814582
845,5173.567898922504
846,6621.994135986979
847,4101.686556777584
848,5856.025572185332
849,3927.000135843045
850,4374.555042128929
851,4089.03938330033
852,8380.037055098774
853,4114.247335554111
854,7398.734289253318
855,7590.545913750881
856,5953.102466611143
857,8907.073926663114
858,4732.043975927889
859,6225.408202732149
860,7081.280948289732
861,6220.65155619735
862,7400.919059263311
863,8179.800074032454
864,4955.982141075822
865,6483.534752720905
866,4430.665167866168
867,6439.676331888337
868,4933.26809883309
869,4750.3266944074085
870,5631.461530544756
871,4377.958556015282
872,6898.740268891938
873,4747.166510262602
874,4670.469525620776
875,5968.350408132332
876,6271.982074375698
877,7042.435687448498
878,4966.011454626272
879,6104.465380860036
880,5585.313453065433
881,5142.360929968799
882,4204.843901908908
883,5860.226267827533
884,6741.648245257607
885,4618.9859885051665
886,8273.621896945544
887,6657.860376556577
888,4280.824256971799
889,5787.922475796799
890,3968.2849325401576
891,8328.6251291388
892,5802.953592228787
893,5577.750118702554
894,4882.262444819171
895,5276.928712403542
896,4100.822357829835
897,5605.800952836483
898,4586.902161943106
899,3954.9387441136305
900,7530.228980487091
901,4614.178975892507
902,8561.914010151544
903,5159.510598998275
904,5109.293538033538
905,4570.194247619795
906,5399.056480705241
907,4969.442143819822
908,4532.185688234319
909,4492.753521495446
910,4397.193312627875
911,3573.7689639085334
912,5402.216569017641
913,5627.6152886293585
914,4202.205175467026
915,7546.010225969365
916,4366.496576211286
917,4983.995412898014
918,5941.097115661784
919,4613.750391263112
920,6983.089750725325
921,4566.371342900532
922,5893.318109054547
923,7388.479617456982
924,5121.573191074303
925,5291.070620817405
926,4844.302114050672
927,6432.587978037277
928,4978.556986700231
929,6288.213213420248
930,4566.236168426836
931,6173.4455664138695
932,6422.257009514909
933,6096.149888873017
934,6286.2451035491795
935,4085.1056160027656
936,5164.021050762525
937,3825.1373953096045
938,3876.6558897214163
939,5599.412258437145
940,4362.734957282022
941,7158.41139178406
942,8859.337682596019
943,5990.469646051086
944,6141.228533535621
945,5692.8796026316795
946,7014.549011541506
947,6256.811009566058
948,5720.012148585651
949,6790.12745791094
950,6919.553803584953
951,5917.562285083646
952,7205.474512252864
953,5678.6861622173465
954,5876.865777299976
955,4347.159442152519
956,4169.9191864121885
957,7589.754404665379
958,3764.556558228415
959,5309.688300774911
960,5243.681894061953
961,6184.308305816695
962,4964.844303281807
963,6688.571743686693
964,5868.074014234636
965,5427.195434734102
966,5630.198994376537
967,3983.007475826031
968,3980.6961179131995
969,6509.605453200999
970,5174.17781199604
971,5955.683820958045
972,5814.70253859663
973,4488.3590267862555
974,4667.054356006188
975,4583.149291311112
976,3617.03327823006
977,5537.730636616652
978,5278.138843687812
979,6358.327369795325
980,5244.25421454081
981,5045.943141015378
982,5243.985627411405
983,3658.945031948098
984,5299.8262789284
985,8162.703250677268
986,7367.248901234201
987,3890.9396734167176
988,6497.318177313238
989,7145.6703374672
990,5358.504810269438
991,5094.988884512679
992,4057.8214249182283
993,5705.2511754152265
994,6487.758395726005
995,3431.7087827436503
996,7488.878867423331
997,5000.150521152165
998,6887.253176749052
999,5098.367548111844
1000,5142.081788052175
1001,6814.926982766287
1002,8853.965185832825
1003,4116.366671495083
1004,4677.356537948528
1005,8596.53858257434
1006,4518.493410385598
1007,6997.96508695368
1008,6250.021343430126
1009,4686.6269206000015
1010,5045.669623422943
1011,5969.010228952793
1012,4617.084800832963
1013,4188.530499650472
1014,5730.41034880662
1015,6428.429662672591
1016,6418.621499039387
1017,5207.22047545224
1018,3963.549720797745
1019,4934.824576316478
1020,5833.050329975786
1021,4426.329356710637
1022,4832.811388510302
1023,5709.0073334317385
1024,6433.870572161225
1025,5137.709126185636
1026,7812.882311220621
1027,4814.981967049709
1028,5374.302943457285
1029,5312.874365293519
1030,5730.423342827749
1031,6341.324429112479
1032,7051.471099698501
1033,4478.282757880943
1034,4815.440396069454
1035,6398.488718797471
1036,6374.323690944131
1037,5256.012497536541
1038,5276.338687468971
1039,7369.3283121175255
1040,7884.369066726142
1041,5363.65612205547
1042,4540.814675533441
1043,5818.538601695888
1044,4434.539557313175
1045,5072.082050949215
1046,4297.192806558092
1047,5914.301638714449
1048,4445.712749292638
1049,4136.959290095491
1050,3848.167047644296
1051,6954.274674575005
1052,5404.579590957175
1053,5783.147734887596
1054,3736.62110826849
1055,8150.177725608686
1056,5791.445022232164
1057,4775.066846857751
1058,6760.1517921316035
1059,4486.861533009571
1060,6138.644130202802
1061,5421.5037657393505
1062,7664.601834606205
1063,5789.196246293784
1064,3454.1625740326463
1065,6791.325727139956
1066,5903.912251404863
1067,4231.537975702607
1068,8236.64406553002
1069,6268.7250834369825
1070,8277.21502759616
1071,5922.864653216568
1072,5323.1958415792715
1073,8042.477871570243
1074,4796.508911764462
1075,4934.12100711005
1076,5476.702130779282
1077,4996.538217411197
1078,4100.6125631767845
1079,4331.233075230844
1080,7023.372747536851
1081,4034.617361738663
1082,4381.930572882806
1083,6171.849316069858
1084,6819.494229365322
1085,7174.6501555357145
1086,6982.031567861648
1087,8682.099048684735
1088,5963.193464553413
1089,5657.224879086475
1090,5558.875879329895
1091,5611.104325721613
1092,3979.1158796509426
1093,6187.869871046389
1094,4415.86122068148
1095,4881.480789148829
1096,3845.202931646345
1097,5981.144794885789
1098,4362.222666003961
1099,8723.66815751067
1100,5745.1893044936405
1101,4735.9481716925675
1102,3716.385054407769
1103,3725.914020763543
1104,4873.672021114777
1105,7585.420851844579
1106,8219.623722996537
1107,7910.657565417786
1108,4493.919030765194
1109,4738.373900327925
1110,5852.041288948033
1111,4356.219265436897
1112,4580.064998833615
1113,5194.971893262994
1114,5837.9187945408
1115,4100.112481631086
1116,5280.763250111684
1117,4869.828624242021
1118,6422.347356359003
1119,6339.581225877544
1120,5093.0068213850745
1121,6498.206358894466
1122,6080.123247085737
1123,6371.578739529261
1124,5011.774647891543
1125,6971.597469644596
1126,5681.719379371241
1127,5682.847645698864
1128,5100.225087060873
1129,5381.6120266979415
1130,7139.261763831642
1131,5638.930840769843
1132,5271.1395711440055
1133,6739.51407211946
1134,6598.006795562256
1135,3448.336027493064
1136,4100.671792139972
1137,6053.236387082605
1138,5662.255224338263
1139,3767.949631894331
1140,5759.701704785772
1141,5797.419010402726
1142,4998.150515113768
1143,7355.966614843066
1144,4251.689191086108
1145,6113.333307019255
1146,5316.288306075599
1147,4277.381537087265
1148,8060.304496752324
1149,7788.783425085715
1150,6013.872168692208
1151,5476.360150513892
1152,4515.582995567088
1153,5750.04567864194
1154,5868.4631145512185
1155,6922.147931267304
1156,5502.497825275476
1157,4280.438405002225
1158,4085.7935746064695
1159,6218.752708118671
1160,6116.880151062615
1161,6223.848217590619
1162,5427.054792360203
1163,8424.120140398349
1164,5255.296974987357
1165,5697.177294655311
1166,5461.513752553781
1167,4607.410530408482
1168,3762.835922844575
1169,5116.096557254405
1170,8831.451471483233
1171,4033.300121781683
1172,5205.63138274303
1173,5416.691396912013
1174,3963.4513377663475
1175,5867.151667522476
1176,5154.549491699021
1177,6362.5942845628215
1178,4937.360772302733
1179,4686.976602071014
1180,5561.912438077124
1181,5895.935191255683
1182,8598.963974537111
1183,5361.110891183867
1184,5502.8591138470565
1185,5671.455485615816
1186,5032.022444377567
1187,4248.015967818062
1188,6948.756951796759
1189,7374.542078970131
1190,5691.034491264551
1191,6145.3049372037585
1192,5842.299260056217
1193,5989.491522546174
1194,4265.79712307238
1195,5973.380152723059
1196,4478.494271951058
1197,6918.276292054494
1198,7171.0491801536355
1199,5029.123714466246
1200,3805.8272330697764
1201,5650.132764527003
1202,5565.6548953068495
1203,4827.95816496956
1204,5134.877297322557
1205,4582.306608226971
1206,7391.816718413467
1207,7244.280915622972
1208,6153.940684502808
1209,3940.146160728069
1210,5321.785414582052
1211,5270.792206377038
1212,4570.283955480188
1213,7176.392178606016
1214,7705.045551323776
1215,5740.731802736369
1216,3688.7276265341657
1217,7266.415005697437
1218,5427.150907429609
1219,5741.79258095923
1220,5205.885315045132
1221,3782.4456829678793
1222,7240.6799171083
1223,5383.258040542196
1224,5031.498629871427
1225,5383.832710176108
1226,6708.841232690528
1227,4236.9198238178915
1228,6997.585957470155
1229,4058.009694837218
1230,3766.530065366721
1231,4084.3015540493407
1232,5774.513958350741
1233,4600.045480133946
1234,7663.1910984661945
1235,5370.120860631134
1236,3683.158040488272
1237,4719.622586704987
1238,5210.545958036641
1239,4447.261876000965
1240,5123.382191178711
1241,7798.821726851815
1242,8297.650895162658
1243,4258.489884393153
1244,6165.770077747003
1245,5263.675844360965
1246,4276.971059516992
1247,7513.1610912307415
1248,8683.25427590588
1249,4737.253203626847
1250,8080.845258505011
1251,5168.837171614418
1252,5481.532812848143
1253,5705.645429399968
1254,4380.170659822797
1255,3686.4134364884867
1256,5487.918667502798
1257,8716.891280645354
1258,5999.6199634461345
1259,4278.308873615873
1260,5660.647869862167
1261,6902.620027393465
1262,3908.3992571589965
1263,6831.2659609530765
1264,5784.478514306705
1265,4393.288505312345
1266,5671.809838589934
1267,7359.191225154115
1268,3684.7509118582866
1269,6787.966517260898
1270,5197.002644626738
1271,4684.157073170972
1272,6049.938503254714
1273,6430.199214370549
1274,5586.490091467946
1275,6838.054340372208
1276,7297.919033581706
1277,7430.423042507304
1278,5261.708743145071
1279,5888.629278712951
1280,8715.817614029223
1281,4700.359132338184
1282,5453.295980802572
1283,6818.9595746805535
1284,4273.307610998683
1285,4440.377091644873
1286,5855.287068686304
1287,7244.579564843925
1288,5209.150302148897
1289,5428.755658603009
1290,6645.172425971894
1291,4013.9865573953634
1292,6394.248632757094
1293,6611.723805544729
1294,6924.377232598188
1295,5633.960338668369
1296,3870.5059974095902
1297,4839.876231961074
1298,3864.1339024110885
1299,4071.852156007882
1300,4756.2837021501355
1301,3872.791132723735
1302,6403.938321266356
1303,4463.758741017803
1304,5636.433804112728
1305,5099.937810347978
1306,6078.606401063797
1307,5545.39543973891
1308,5711.075182159731
1309,4653.894864578473
1310,7207.599968689902
1311,5720.801323056745
1312,4794.06792856639
1313,7418.855184658789
1314,8647.001171323083
1315,6551.276399992781
1316,5678.28225563211
1317,5527.166164027677
1318,6034.418343451867
1319,5840.9229821804865
1320,6911.677436624164
1321,6759.090029189244
1322,4225.574970687441
1323,6856.882629513999
1324,4624.447183551405
1325,5406.807980391435
1326,4704.298326752704
1327,6278.121054524553
1328,6858.932615652966
1329,5401.2693421226695
1330,5764.080818772773
1331,5850.595313127746
1332,7051.674989771151
1333,6457.241059143706
1334,5845.539195149875
1335,5951.49737500272
1336,5809.337011378903
1337,6137.799387062391
1338,3852.4217253751463
1339,6058.840586272698
1340,4881.598149196634
1341,4438.123353447776
1342,5272.405134466088
1343,8874.168891208179
1344,6382.242957962667
1345,5137.541058556301
1346,5301.976541849205
1347,4282.285825725617
1348,6603.4295991122835
1349,6775.767145824768
1350,4346.935486486746
1351,3933.053029304801
1352,6709.04405166556
1353,7291.514944207791
1354,4841.974976953765
1355,4472.07634504818
1356,4368.0177321249985
1357,4281.167993392029
1358,3814.484301565716
1359,4857.83183720754
1360,7508.271472463574
1361,4755.66423197395
1362,7593.685964163606
1363,5336.256318830279
1364,7502.290901594568
1365,3557.049994349019
1366,4442.626542491015
1367,7998.616079312164
1368,5520.918376237969
1369,5875.140660133524
1370,4391.586601446737
1371,5923.679292208898
1372,6242.356200153337
1373,4870.306735039687
1374,4572.114133125979
1375,3637.0320352118993
1376,5292.592567726684
1377,4756.084058795051
1378,4555.050183489351
1379,8162.45251288609
1380,4210.83017777715
1381,7031.52474102021
1382,5833.9847412094305
1383,7344.9075672600375
1384,5465.859969871573
1385,7461.077297883831
1386,4959.762874066271
1387,7924.57622863965
1388,5625.633165709978
1389,4633.345512037118
1390,7159.091376440032
1391,6847.175896953053
1392,4302.007477070192
1393,5011.219343951572
1394,5804.454588041352
1395,7600.10926246806
1396,4137.710722787212
1397,3701.3462617127366
1398,8051.230167811733
1399,4005.390062206008
1400,4414.841687115398
1401,3386.061989182293
1402,4148.894079781664
1403,4987.82163847711
1404,5466.174733869491
1405,4398.039313602979
1406,7267.086331288693
1407,4994.176363940057
1408,5476.333326253004
1409,5042.109882999747
1410,8667.699675147955
1411,6445.8476997130965
1412,4516.16397844608
1413,5575.81294401251
1414,3792.525586206605
1415,7244.945462859559
1416,5605.759105689904
1417,6047.916314612564
1418,4033.3442908375355
1419,4849.450723445487
1420,5817.076719910621
1421,4012.3571108779684
1422,7453.277802721121
1423,6057.566748036132
1424,3934.3075685755007
1425,5365.298710624966
1426,5500.170589605084
1427,3949.0514670598277
1428,5476.267347552138
1429,6540.894305363276
1430,4718.057049891628
1431,4227.237962394192
1432,5226.083912831326
1433,7657.840169253878
1434,4429.804925845548
1435,6626.691149731188
1436,5334.033328171254
1437,7380.393239318113
1438,5412.474025820675
1439,5610.416710015536
1440,4733.40455962157
1441,8443.449101840943
1442,7342.957501173671
1443,3527.2021108583904
1444,5404.064295257164
1445,3957.434433959331
1446,3352.6433950364426
1447,4398.679093079081
1448,7157.974564559203
1449,5102.510717542949
1450,5226.051835948382
1451,6376.274768719433
1452,6606.9494380203505
1453,6094.345521435216
1454,4196.078262007204
1455,6112.079668819162
1456,4056.833029950107
1457,7236.567619838632
1458,4058.9135840477516
1459,6860.342866566022
1460,3846.2589098984618
1461,5783.113217863218
1462,6819.674698348035
1463,5343.873995924894
1464,3936.511269595325
1465,3617.6633831613694
1466,7593.156583179247
1467,5520.492496261135
1468,5585.0577271277225
1469,6768.323475951881
1470,5050.232724529193
1471,6471.252160856173
1472,4711.688240850827
1473,5583.793531461363
1474,6464.672162244877
1475,4867.70657572729
1476,6993.499566855082
1477,5591.008727979324
1478,5931.9991375983545
1479,5485.936072014173
1480,4869.399437484909
1481,3563.8093589837517
1482,6073.594229544711
1483,5710.103844594575
1484,6636.954934587218
1485,4720.778858911413
1486,5043.502540146799
1487,4037.7401188357
1488,5208.752895890735
1489,6085.531214395198
1490,3179.2842720332283
1491,3964.0895020496973
1492,4280.014471541226
1493,3909.1044951351378
1494,6229.881193362833
1495,6016.499612431976
1496,4426.097888536704
1497,5512.269567502158
1498,7166.249696042623
1499,6254.110075636455
1500,8760.253819711199
1501,8038.2490566111965
1502,8555.940753291565
1503,5181.000976463013
1504,4510.159110827394
1505,7889.679052504675
1506,4418.99217059478
1507,6504.070262379508
1508,5984.882127228006
1509,4244.788730838745
1510,4868.549604198662
1511,5945.329057453291
1512,5328.13464777035
1513,6347.907294209556
1514,3802.057523548936
1515,4065.844361951784
1516,6844.2477252334365
1517,6260.338356255361
1518,6858.887642323952
1519,6284.24934277146
1520,7154.328510505248
1521,3550.843964966147
1522,3715.572364552349
1523,3951.155690580679
1524,6189.485122930516
1525,6704.6570031846
1526,6429.398699439965
1527,5044.237616654774
1528,3780.844693368543
1529,6009.3762763499935
1530,4614.167136801489
1531,7222.5888008080965
1532,3931.002711707109
1533,7312.9699507925525
1534,7121.105388350607
1535,7747.99699598107
1536,4989.49002360908
1537,8117.138410491415
1538,6867.788401835647
1539,4356.386668169385
1540,6028.6725642637175
1541,3547.3516858790244
1542,6124.103470621038
1543,4824.961469405149
1544,4757.756781256662
1545,5731.879876422543
1546,5541.873176592861
1547,6160.590789179471
1548,6068.684334460641
1549,5834.541794934414
1550,5866.613868626561
1551,6096.774981580158
1552,5217.218044590243
1553,4876.371575509395
1554,5735.718378104721
1555,6690.143130787306
1556,3951.710244509018
1557,4241.969730151625
1558,4563.666960295996
1559,7121.651764315146
1560,4064.47756554812
1561,5883.636685316933
1562,6148.498730717325
1563,5177.1018717522675
1564,3623.2141598336075
1565,5929.476304789286
1566,5160.320145891749
1567,6296.377838607441
1568,4563.026074346159
1569,4738.603663600275
1570,7219.938809224516
1571,3357.856516049431
1572,6710.965569861321
1573,5665.407351382872
1574,8680.349278642356
1575,5635.257548131531
1576,8498.425617896479
1577,4590.443326857155
1578,5514.2553028373
1579,6118.937392435188
1580,7311.813162511809
1581,5278.210737082373
1582,5626.034823594204
1583,7180.3461307394045
1584,5387.541178527211
1585,5973.37769740196
1586,8818.084332158458
1587,6059.056938618196
1588,5597.92951397267
1589,6045.351508643189
1590,7653.3395625795165
1591,4842.433208016255
1592,4350.221365456957
1593,7202.8634998218795
1594,6209.947530608362
1595,5114.166323534812
1596,4876.381689729749
1597,4615.554460593552
1598,4142.244396729385
1599,3744.6256719685975
1600,4177.8707397342905
1601,4559.710662969507
1602,5844.989342153217
1603,5239.972535819705
1604,3763.2257855902617
1605,6683.316960117232
1606,4361.294317949411
1607,5013.338556298717
1608,4514.92335963807
1609,4340.798797416855
1610,5504.445953302442
1611,3220.8115269537966
1612,5124.600058076762
1613,7402.296134640716
1614,7285.507735923971
1615,8557.442610468168
1616,7058.832220971819
1617,6447.999120748995
1618,5756.257606059652
1619,4439.578846616545
1620,5446.9424521112705
1621,4838.135346791862
1622,8755.976749107034
1623,5667.297088933857
1624,4330.992482760873
1625,4083.628393712826
1626,4490.065796169952
1627,6463.183958726587
1628,3539.265514486703
1629,4731.455756120756
1630,4010.6136131493104
1631,5479.191462906574
1632,4835.719414037316
1633,4740.0168961285435
1634,8264.187578456394
1635,5298.5071368109475
1636,5653.881721409347
1637,4729.035266876097
1638,5339.60995718407
1639,5110.828933028028
1640,4431.154028050392
1641,6546.676609864333
1642,4855.064282153408
1643,3433.3826856402125
1644,5882.488242562999
1645,5289.732519512698
1646,3417.8110547891074
1647,4341.578714105306
1648,5361.024763224041
1649,6303.958893785041
1650,7786.646749926822
1651,6451.744988090607
1652,4508.0931909851215
1653,4446.777467265281
1654,6112.156931514184
1655,3792.9929617919547
1656,5710.056230582192
1657,5688.327509568751
1658,5069.488521422614
1659,6063.233262598173
1660,3250.5373796550616
1661,4243.029973730076
1662,6007.673397880853
1663,8076.216644741951
1664,5341.88346124691
1665,8382.799827408682
1666,5896.691185870569
1667,5905.292426908099
1668,4694.770238874126
1669,6446.282278169888
1670,5432.045983814784
1671,5328.732035346429
1672,5478.339720287911
1673,5070.470668858588
1674,8013.5979234274655
1675,5384.238468186886
1676,5541.940293967912
1677,4632.362855888848
1678,6563.903024916864
1679,5477.518806132964
1680,4321.438272239562
1681,3441.2669583386087
1682,8218.176901610583
1683,5715.518582922639
1684,4901.767338061857
1685,7407.352099480689
1686,4318.075726425607
1687,5200.175442875321
1688,7682.495458382367
1689,4922.7108920325245
1690,6086.479844581003
1691,5041.658548966716
1692,5380.595526617453
1693,4003.2876229312956
1694,5500.289284243841
1695,5489.215231348402
1696,5522.737756135723
1697,5718.94566232567
1698,8015.685898594397
1699,5458.433203020713
1700,5549.481555947116
1701,4286.209152606118
1702,5310.133241948479
1703,5986.859893539226
1704,6711.075385181981
1705,7470.607357366431
1706,4944.751669967456
1707,7477.141329350609
1708,5720.444971166178
1709,4829.979528347137
1710,4150.329059711121
1711,3898.4607366334753
1712,3833.8902365431577
1713,4795.684887931253
1714,4664.989764190744
1715,6142.423831878689
1716,8451.574808358593
1717,4407.903018359686
1718,4780.2494468631585
1719,7528.0470827233175
1720,3737.1265542754873
1721,5663.648358336149
1722,4082.4561273001286
1723,6466.716716027489
1724,7138.818282969856
1725,4918.904838691937
1726,4891.561323167911
1727,3444.85792174752
1728,4935.73063631277
1729,7467.489675601324
1730,3916.3355182752944
1731,8245.366998307944
1732,7764.8846932933275
1733,6493.1133071102595
1734,3804.466651310267
1735,7354.03881662536
1736,7469.405908188784
1737,5170.20029768405
1738,5466.765644393438
1739,6954.276846347191
1740,6685.1674565754465
1741,6106.584279009975
1742,6469.625987909862
1743,5691.979996397621
1744,6066.074698334436
1745,6796.8016725713715
1746,5981.600051051828
1747,4170.93975469894
1748,8489.009681804604
1749,4009.865377906218
1750,7031.0548816062255
1751,6133.611525630009
1752,3556.8948854570563
1753,6189.857898392783
1754,4858.321568880385
1755,3894.8783815357738
1756,4163.58692762981
1757,7016.691377717543
1758,7624.525413554416
1759,4104.639142129491
1760,3824.0865464178505
1761,6254.754337267625
1762,4920.4880093873635
1763,7637.476138822616
1764,6786.342407601716
1765,3644.2138832792075
1766,7493.367654625232
1767,6735.513014033202
1768,3726.4491872886842
1769,5901.009862584816
1770,5824.575600031068
1771,5735.509318321871
1772,7424.802055461712
1773,5016.316203780996
1774,5602.7314897692
1775,3926.2303901699315
1776,4443.095688927797
1777,6720.4299949067245
1778,8300.015894981656
1779,3597.599381468076
1780,5433.373010689133
1781,6277.367050096036
1782,7430.225420808163
1783,4446.487055602803
1784,7344.538743441957
1785,3968.19340778918
1786,4162.960517942109
1787,6448.6241236928645
1788,6519.857312858679
1789,6642.513769619155
1790,5398.13661169976
1791,7337.563801533459
1792,3781.7066060305006
1793,8239.30938285725
1794,5794.191632824551
1795,7209.988694939618
1796,5299.76997852284
1797,4187.255534074764
1798,4647.296433837995
1799,4509.399560614582
1800,8116.140124001063
1801,4550.955020038871
1802,6658.634711664857
1803,4396.976628085029
1804,5577.937351987948
1805,4259.482303393744
1806,5706.0236033374185
1807,4040.5899552258247
1808,5468.88644576177
1809,5216.132961725478
1810,4939.832864917713
1811,4084.2174309139227
1812,5678.683916821988
1813,4870.784315551358
1814,4432.117703285968
1815,5327.247648494698
1816,5266.220827918643
1817,6637.414502085103
1818,4842.525176761694
1819,4304.06224246919
1820,4817.933458778959
1821,4815.679843949449
1822,6067.022413231118
1823,4122.490331029643
1824,5792.807052873863
1825,4039.445106008574
1826,7533.034170936344
1827,8510.673843058827
1828,5520.400753378345
1829,7334.677867564429
1830,6777.326283319815
1831,6456.086604459967
1832,5874.636403975722
1833,4618.105168579665
1834,7548.183323609739
1835,5023.727195751825
1836,8012.165504977191
1837,6626.3884884073805
1838,3831.9325990666093
1839,5707.4641253347845
1840,8133.231768625808
1841,4376.380187612132
1842,5098.342298249173
1843,5401.719954522557
1844,4066.1229246090707
1845,6747.077274031969
1846,8108.725781211306
1847,5751.18160461443
1848,7054.447530159989
1849,5605.366543462678
1850,4506.806795994885
1851,7331.920156945607
1852,8208.140702704435
1853,5726.026130780227
1854,5324.51246685454
1855,3847.635600346125
1856,6082.534258816856
1857,7890.574565769089
1858,4714.280218186266
1859,4934.645623584267
1860,7326.469769058874
1861,5544.872502366443
1862,3505.258717990293
1863,5528.513383074656
1864,6791.085383368057
1865,7324.494283087093
1866,7089.7164635709905
1867,4748.349844810298
1868,5911.04312519118
1869,3672.6556327013905
1870,3861.243297806099
1871,8549.682893234003
1872,6497.898123153161
1873,4751.335065590683
1874,5134.405885377005
1875,4259.66256554073
1876,5936.983106519257
1877,8226.79399124815
1878,3938.7141219584682
1879,5962.885396082813
1880,3859.2552249785863
1881,5692.521334193748
1882,6890.283953736963
1883,5402.675727080207
1884,6076.992451220671
1885,8511.620432846434
1886,4650.747906026885
1887,3802.2436193650237
1888,5699.485656144747
1889,5629.838592155997
1890,5319.507519949386
1891,4810.292700054389
1892,3677.0952251527087
1893,3736.059018042279
1894,4508.861410442007
1895,5564.117324048357
1896,5184.823586743668
1897,5888.726157277048
1898,5638.042367788999
1899,5165.15310092057
1900,3781.5951444798766
1901,6956.3252370577575
1902,6511.890271789
1903,7169.384030534493
1904,4756.095686184533
1905,4549.045422766463
1906,4461.975600401701
1907,5087.082516241599
1908,5253.635806614868
1909,5790.473646050765
1910,3679.789828496016
1911,5964.522535067517
1912,7808.839194660476
1913,4891.554481989823
1914,3285.6629892325745
1915,5451.032608738798
1916,6510.341927387206
1917,4564.285786314195
1918,5279.435293760722
1919,8369.752008763531
1920,4928.600851824553
1921,8869.76491931618
1922,5446.835094314069
1923,4430.57355381583
1924,4167.012908220951
1925,5613.518579250415
1926,6619.542892598269
1927,5156.593658101496
1928,5210.014328356468
1929,6354.419513490881
1930,6636.491398991589
1931,5770.294200836137
1932,7185.633143246689
1933,4654.422444489701
1934,5273.064900682265
1935,4888.7346176341425
1936,5422.302662980019
1937,5216.890391182376
1938,4429.013385876313
1939,5787.986939199289
1940,6900.687144387162
1941,5567.944363750483
1942,4617.542763058656
1943,7112.447133580096
1944,6381.281301299765
1945,3602.691655852792
1946,5457.330124253727
1947,4221.308210391089
1948,3589.97079743956
1949,6222.5380881104675
1950,5227.957633291247
1951,3681.164914309962
1952,8085.610929651781
1953,6927.244220999677
1954,4990.209460207191
1955,6598.369919824126
1956,5522.040791244639
1957,5976.378511099411
1958,3946.041192383468
1959,4000.9656335416926
1960,4666.865031475549
1961,6005.283986003717
1962,7395.967666004766
1963,4962.685304090635
1964,3895.6282010388463
1965,4928.246708937921
1966,6137.706623668948
1967,7114.48090533099
1968,6223.70983707196
1969,5833.636928793224
1970,4609.715318095613
1971,4942.828440531434
1972,5604.213736453792
1973,6164.809193287444
1974,3593.8932562516343
1975,3741.772570813967
1976,8044.763463145882
1977,4883.453376181031
1978,7044.726549447465
1979,4920.393732567163
1980,6129.295808789588
1981,6255.873802398508
1982,4869.630563656721
1983,6140.530424088849
1984,4356.822088286014
1985,6453.399868863303
1986,7624.507361981414
1987,3896.8659568194307
1988,6641.728459045212
1989,6481.687433217818
1990,3870.7564697640164
1991,7955.260536315734
1992,6172.457393302686
1993,8170.250308725412
1994,5402.5505854041
1995,6201.825808767446
1996,6228.638139448769
1997,4311.544153143321
1998,8321.777029007813
1999,5656.675042645649
2000,8117.715359116166
2001,5502.956619307607
2002,5925.27428987854
2003,5517.400307712096
2004,4776.197698811554
2005,8734.365380222054
2006,5357.911458906222
2007,5363.225854601558
2008,6012.246553640599
2009,5919.595101023424
2010,4790.098023676631
2011,5430.05624626521
2012,7145.46025727292
2013,8073.396353919015
2014,5128.796620035777
2015,5016.094377080246
2016,6186.840056535076
2017,6424.204627594746
2018,6956.348242725455
2019,5146.2916406219
2020,4098.841837522868
2021,4681.481264596992
2022,5660.0382965965655
2023,4856.023402138725
2024,7399.580638183268
2025,5675.433131010386
2026,5844.627405513356
2027,6173.532291022657
2028,5430.733104740955
2029,6043.197299008367
2030,5481.999493084573
2031,4665.4337425770755
2032,4844.073280764384
2033,6469.873753294955
2034,4733.221368112089
2035,6300.770577323161
2036,3950.6145260683056
2037,4020.911702186735
2038,6789.225736432112
2039,6131.242609796045
2040,8360.006210882013
2041,7150.197752729845
2042,6165.722585818812
2043,5717.3620294478
2044,7111.863910600777
2045,7235.317485339896
2046,4088.8154868166703
2047,7952.0739124651245
2048,5408.278440426935
2049,8469.335923489842
2050,5982.958664114555
2051,5341.055921824951
2052,6715.651656069207
2053,7565.784349691969
2054,5352.10553397622
2055,7735.758552596991
2056,5089.339418851685
2057,4163.690063650145
2058,5227.4925787215825
2059,3919.193697492803
2060,7334.058751581939
2061,4912.880630579227
2062,5711.364139625313
2063,6671.395475188021
2064,7527.745871430762
2065,5388.016014518494
2066,7498.284886225676
2067,6107.451454836913
2068,6260.874242770852
2069,8045.08585944166
2070,6160.489049444852
2071,5616.059129138796
2072,7366.658120753934
2073,4805.590198411548
2074,6766.532506347154
2075,5875.405068623964
2076,4789.96288994675
2077,6242.521366077429
2078,6958.912518137081
2079,5667.67807770346
2080,5058.362329238105
2081,4378.61951851191
2082,6990.17837201498
2083,5408.871463601088
2084,6592.686949172357
2085,5214.316073321689
2086,4442.375821788906
2087,5460.082492759955
2088,5519.09557179283
2089,5558.344984735667
2090,7636.078921935341
2091,5055.388229863959
2092,4702.250167917561
2093,5096.929983773356
2094,4943.098503518968
2095,4588.803101911106
2096,4115.021099986877
2097,5795.752124547408
2098,7459.331067741201
2099,6764.094960085893
2100,6130.312274315852
2101,6067.1934614953825
2102,5740.278792132127
2103,4732.976675496319
2104,6330.069601035137
2105,6535.229815741287
2106,6033.683025909707
2107,5672.737040671773
2108,5567.439458681667
2109,4251.403022796867
2110,6688.7179433153
2111,7564.504596452951
2112,5179.2613885820365
2113,4635.873156586299
2114,5517.364222350179
2115,4375.9463512089205
2116,4988.524967588941
2117,6719.273773977846
2118,5631.59234302872
2119,4507.119103626775
2120,5969.045140324393
2121,5856.574756604643
2122,4518.859943162417
2123,3811.4014652826518
2124,6042.975528681982
2125,5019.981284124635
2126,5648.246666220046
2127,5307.906446928897
2128,4894.998644760406
2129,6841.0703131708915
2130,5499.766597953227
2131,4910.231833754467
2132,5473.630762115385
2133,4945.086146660619
2134,8146.674586444569
2135,4377.9766743359905
2136,3679.307151541522
2137,5477.210215430114
2138,5909.158361339253
2139,3526.6923558634535
2140,5695.2465085288795
2141,6068.120338484536
2142,5033.963986181254
2143,6951.4320260239565
2144,4195.0568867771035
2145,4136.200522282606
2146,4352.518733759678
2147,6003.752977359854
2148,4375.626536771172
2149,5661.372644441681
2150,6898.378845947278
2151,6088.476584929878
2152,5276.244153009941
2153,3997.1281481575797
2154,7011.626174457191
2155,6949.323884948417
2156,4726.990208581698
2157,6417.95823766359
2158,4136.309233636731
2159,5049.856222466576
2160,6510.927007084939
2161,3789.32718010699
2162,4370.03354840917
2163,5984.362615758092
2164,6355.94885801308
2165,5108.725571201001
2166,4327.310174250422
2167,5750.699751610042
2168,5032.957313177529
2169,5249.036913590638
2170,5591.510188861217
2171,7865.978716470142
2172,6665.736907248926
2173,5870.114799939077
2174,5784.761573085441
2175,4915.571754562857
2176,6662.028933706163
2177,5187.03473157394
2178,4651.2084751059
2179,6189.554583459152
2180,4979.907639716717
2181,7800.774531437922
2182,6787.595302753069
2183,6356.784327942264
2184,7671.376479899634
2185,6634.27727946671
2186,5331.502863208554
2187,6075.252593208511
2188,4573.64707881142
2189,6829.604809764685
2190,5323.808631425966
2191,5461.040450136912
2192,6401.500911236391
2193,5679.416548437713
2194,5135.621959224926
2195,7989.495890049981
2196,8821.566114302612
2197,3856.8100280515937
2198,5435.669453777825
2199,6006.217828040557
2200,5233.792834916836
2201,5906.528884057671
2202,4053.9416904744517
2203,5828.0908071229715
2204,6931.991048380401
2205,6759.96823791032
2206,5986.028191751369
2207,3622.770751455659
2208,7738.498306067125
2209,4748.989991638591
2210,4474.0927526770565
2211,7624.804398683709
2212,7273.483870972282
2213,6374.368054415106
2214,7589.155463398505
2215,6830.378313702979
2216,4960.724915869106
2217,5569.389918635329
2218,6473.956433420966
2219,5433.8267202597035
2220,6996.77757433174
2221,3700.068809687315
2222,7650.993049627912
2223,4055.225706685103
2224,6501.818815942092
2225,5449.450370015237
2226,6615.741707863257
2227,6379.633426875335
2228,5578.850386420737
2229,5632.468339968025
2230,5108.052389349585
2231,3702.7907013940835
2232,6661.4657307442685
2233,3881.6383066002604
2234,4251.651006402461
2235,5942.120077232674
2236,5563.02133500521
2237,6357.58081990185
2238,3918.357467687578
2239,4110.145267900405
2240,5833.54549003661
2241,5404.459879242668
2242,8227.867944910475
2243,7788.133726947928
2244,4870.67697710775
2245,5999.409268505055
2246,4194.308358207956
2247,7042.140097525273
2248,5244.358925197838
2249,5566.513870930496
2250,4875.301828314114
2251,5763.2409924971635
2252,5579.1144789069185
2253,3917.2852260019163
2254,6279.22914481566
2255,7374.234443240582
2256,8514.799514272654
2257,8078.379760299173
2258,5944.9686455371375
2259,5789.6933658084945
2260,6142.714239608291
2261,3614.7719005768495
2262,7664.279277878227
2263,4343.874757823547
2264,4165.819608632892
2265,5454.952107150668
2266,6583.4297948193525
2267,5584.749844484308
2268,5377.014752347647
2269,7546.610340178678
2270,3767.7340833744606
2271,4270.890704961814
2272,7271.594041016857
2273,7268.655585561424
2274,3533.246931874968
2275,3555.527937315247
2276,6894.453285744779
2277,7700.273296928626
2278,4286.604479418027
2279,8315.670958624116
2280,5157.9975495627505
2281,6594.651351643689
2282,6077.67747689644
2283,4414.676862659335
2284,4082.813176367922
2285,5665.6299974652065
2286,6459.046683713317
2287,5409.823264103832
2288,5853.2612244708425
2289,7512.830074664909
2290,7934.832655613121
2291,4317.475710402315
2292,5319.960140771287
2293,4313.8782081826175
2294,4858.9389098378115
2295,5436.986130314484
2296,5058.711639916208
2297,7150.790923009332
2298,3703.011859294212
2299,3994.0139853561896
2300,5939.09530210363
2301,6667.151102208734
2302,5637.311783903215
2303,5491.682885538846
2304,3979.2533159744657
2305,4214.430719133879
2306,5931.435858236589
2307,6896.789544804877
2308,6099.884685000441
2309,3713.229873275898
2310,4333.6443254117585
2311,4210.164659669104
2312,5692.478908719719
2313,4918.879486725744
2314,6335.7527100865
2315,4174.9374642176335
2316,4766.766118861744
2317,4423.538045997184
2318,7374.3358376711685
2319,5821.786600968118
2320,8157.881278018374
2321,5063.53408151546
2322,4552.073091599255
2323,5351.384209551114
2324,5965.308340979131
2325,4442.561381614616
2326,5912.77368687835
2327,3870.120856471447
2328,4965.957840405552
2329,3355.6245592735368
2330,5803.7211315417335
2331,4120.254121472251
2332,7231.828990340688
2333,5616.47460814079
2334,6274.966181714141
2335,5982.866370042668
2336,6925.245760901067
2337,4632.995801698327
