Fecha,Auto Sklearn,CAMMESA,Energia PBA
1/10/2021 00:00,1918.176971,1572,1817.3
1/10/2021 01:00,1844.296429,1472,1788
1/10/2021 02:00,1772.188606,1393,1737.5
1/10/2021 03:00,1722.614159,1380,1689.6
1/10/2021 04:00,1682.3396,1385,1647.5
1/10/2021 05:00,1653.637699,1406,1670.7
1/10/2021 06:00,1659.102592,1485,1726.6
1/10/2021 07:00,1715.089806,1581,1760.9
1/10/2021 08:00,1720.361084,1626,1790.8
1/10/2021 09:00,1761.217396,1688,1818.6
1/10/2021 10:00,1825.768349,1740,1854.6
1/10/2021 11:00,1809.380867,1755,1814.6
1/10/2021 12:00,1778.867027,1705,1823.1
1/10/2021 13:00,1757.671001,1671,1814.4
1/10/2021 14:00,1720.394936,1623,1786.7
1/10/2021 15:00,1704.844242,1570,1758.1
1/10/2021 16:00,1711.223042,1543,1802.4
1/10/2021 17:00,1727.735218,1470,1833.9
1/10/2021 18:00,1769.567822,1484,1756.2
1/10/2021 19:00,1869.199005,1650,1789.6
1/10/2021 20:00,2004.597858,1888,1979
1/10/2021 21:00,2049.441235,1888,2037.5
1/10/2021 22:00,2040.548855,1741,2026
1/10/2021 23:00,2020.088272,1616,1936.7
2/10/2021 00:00,1883.15834,1518,1853.7
2/10/2021 01:00,1827.808254,1404,1788.2
2/10/2021 02:00,1744.956928,1327,1711.3
2/10/2021 03:00,1687.3279,1285,1657.4
2/10/2021 04:00,1629.69865,1295,1618.7
2/10/2021 05:00,1634.718498,1282,1599.2
2/10/2021 06:00,1659.585567,1346,1638.1
2/10/2021 07:00,1694.689323,1311,1591.2
2/10/2021 08:00,1712.295532,1276,1575.8
2/10/2021 09:00,1706.791534,1376,1683.3
2/10/2021 10:00,1713.73893,1452,1725.9
2/10/2021 11:00,1681.084911,1444,1789.1
2/10/2021 12:00,1662.36591,1409,1785.1
2/10/2021 13:00,1653.372963,1383,1780.2
2/10/2021 14:00,1629.69743,1319,1750.4
2/10/2021 15:00,1601.633701,1284,1766.2
2/10/2021 16:00,1638.734879,1241,1741
2/10/2021 17:00,1688.74416,1259,1722.9
2/10/2021 18:00,1672.994682,1306,1707.3
2/10/2021 19:00,1754.481243,1454,1760.7
2/10/2021 20:00,1956.725567,1658,1960.2
2/10/2021 21:00,2026.963154,1606,1999.3
2/10/2021 22:00,2015.103745,1458,1959.5
2/10/2021 23:00,1944.109791,1399,1866.8
3/10/2021 00:00,1735.01049,1353,1825.7
3/10/2021 01:00,1673.683147,1359,1753.6
3/10/2021 02:00,1622.856607,1348,1638.5
3/10/2021 03:00,1560.04608,1337,1574.7
3/10/2021 04:00,1490.484509,1303,1498.8
3/10/2021 05:00,1451.002644,1284,1495.3
3/10/2021 06:00,1438.688618,1314,1441.6
3/10/2021 07:00,1420.788528,1287,1372.1
3/10/2021 08:00,1424.397083,1231,1331.1
3/10/2021 09:00,1489.026609,1241,1396.1
3/10/2021 10:00,1508.390461,1272,1461.1
3/10/2021 11:00,1557.229275,1310,1505.4
3/10/2021 12:00,1534.079884,1322,1516
3/10/2021 13:00,1531.459698,1360,1537.4
3/10/2021 14:00,1498.020977,1315,1513.3
3/10/2021 15:00,1486.216877,1258,1480.9
3/10/2021 16:00,1516.501524,1233,1464.3
3/10/2021 17:00,1553.1224,1215,1469.5
3/10/2021 18:00,1593.270519,1289,1481.1
3/10/2021 19:00,1713.349766,1497,1525.3
3/10/2021 20:00,1904.323795,1752,1750.6
3/10/2021 21:00,1954.836452,1693,1858.6
3/10/2021 22:00,1936.49585,1627,1850.3
3/10/2021 23:00,1867.756126,1560,1804.7
4/10/2021 00:00,1831.968235,1456,1729.6
4/10/2021 01:00,1758.358578,1408,1609.9
4/10/2021 02:00,1645.887644,1343,1529.6
4/10/2021 03:00,1571.318274,1319,1489.8
4/10/2021 04:00,1518.13508,1389,1507.1
4/10/2021 05:00,1512.156477,1418,1524.9
4/10/2021 06:00,1491.531939,1547,1595.8
4/10/2021 07:00,1500.221737,1421,1622.2
4/10/2021 08:00,1547.20845,1551,1716.1
4/10/2021 09:00,1585.345087,1646,1833.2
4/10/2021 10:00,1637.463696,1660,1863.4
4/10/2021 11:00,1673.487957,1737,1882.8
4/10/2021 12:00,1675.982414,1664,1903.1
4/10/2021 13:00,1673.257996,1611,1876.1
4/10/2021 14:00,1657.13121,1568,1836.7
4/10/2021 15:00,1637.127441,1580,1800
4/10/2021 16:00,1616.564747,1523,1784.8
4/10/2021 17:00,1609.032742,1429,1745.6
4/10/2021 18:00,1620.869011,1446,1753.2
4/10/2021 19:00,1668.471966,1602,1788.9
4/10/2021 20:00,1837.278378,1837,1976.2
4/10/2021 21:00,1966.503757,1849,2070.8
4/10/2021 22:00,1958.653206,1686,2050.8
4/10/2021 23:00,1921.703651,1570,1969.3
5/10/2021 00:00,1785.003933,1463,1883.6
5/10/2021 01:00,1667.660446,1560,1772.4
5/10/2021 02:00,1581.219593,1476,1706.2
5/10/2021 03:00,1532.139997,1434,1684.6
5/10/2021 04:00,1524.307405,1470,1662.5
5/10/2021 05:00,1522.495623,1503,1687.3
5/10/2021 06:00,1549.957823,1487,1692.1
5/10/2021 07:00,1573.474195,1489,1697.9
5/10/2021 08:00,1655.542377,1567,1760.8
5/10/2021 09:00,1737.979855,1713,1815.4
5/10/2021 10:00,1766.512829,1799,1840.1
5/10/2021 11:00,1759.944992,1777,1846
5/10/2021 12:00,1742.443668,1742,1860.7
5/10/2021 13:00,1727.970898,1689,1850.8
5/10/2021 14:00,1695.833317,1609,1810.9
5/10/2021 15:00,1666.856091,1554,1794
5/10/2021 16:00,1648.235195,1525,1756.9
5/10/2021 17:00,1631.586636,1521,1797.8
5/10/2021 18:00,1657.789627,1526,1770.2
5/10/2021 19:00,1747.08416,1698,1785.6
5/10/2021 20:00,1961.298248,1902,2008.2
5/10/2021 21:00,2034.505978,1879,2071.2
5/10/2021 22:00,2033.597919,1769,2050.1
5/10/2021 23:00,1987.840084,1630,1935.7
6/10/2021 00:00,1889.083866,1601,1865.2
6/10/2021 01:00,1787.442265,1442,1711.7
6/10/2021 02:00,1705.403927,1399,1681
6/10/2021 03:00,1661.212231,1376,1652.1
6/10/2021 04:00,1613.174063,1360,1619
6/10/2021 05:00,1611.919605,1389,1614.8
6/10/2021 06:00,1601.648661,1396,1646
6/10/2021 07:00,1600.7327,1442,1652.8
6/10/2021 08:00,1669.203449,1481,1768.9
6/10/2021 09:00,1750.254524,1549,1842.1
6/10/2021 10:00,1806.462936,1630,1920.5
6/10/2021 11:00,1818.40197,1599,1971.5
6/10/2021 12:00,1817.338001,1519,1973.6
6/10/2021 13:00,1799.34338,1436,1920.5
6/10/2021 14:00,1737.80777,1368,1862.8
6/10/2021 15:00,1700.883892,1332,1849.5
6/10/2021 16:00,1685.91251,1393,1850.1
6/10/2021 17:00,1743.488815,1380,1865.9
6/10/2021 18:00,1752.782124,1391,1870.4
6/10/2021 19:00,1811.298508,1501,1884.2
6/10/2021 20:00,1989.193279,1878,2096.1
6/10/2021 21:00,2036.986351,1917,2203.1
6/10/2021 22:00,2041.304188,1796,2183.7
6/10/2021 23:00,1990.208996,1654,2118.3
7/10/2021 00:00,1871.361378,1491,1975.5
7/10/2021 01:00,1740.907364,1419,1824.6
7/10/2021 02:00,1682.772873,1365,1753.3
7/10/2021 03:00,1623.504519,1359,1700.9
7/10/2021 04:00,1570.800732,1367,1677.6
7/10/2021 05:00,1554.606657,1389,1657.3
7/10/2021 06:00,1580.128155,1439,1705.6
7/10/2021 07:00,1598.801466,1460,1717.5
7/10/2021 08:00,1724.690849,1542,1818.2
7/10/2021 09:00,1806.775494,1653,1892.6
7/10/2021 10:00,1860.28072,1727,1962.9
7/10/2021 11:00,1903.127613,1741,1957.3
7/10/2021 12:00,1917.020657,1673,1925.7
7/10/2021 13:00,1888.228504,1602,1933.9
7/10/2021 14:00,1853.807049,1560,1890.1
7/10/2021 15:00,1824.299042,1497,1862
7/10/2021 16:00,1848.91901,1489,1842.5
7/10/2021 17:00,1872.027931,1478,1862.9
7/10/2021 18:00,1891.345673,1440,1816.6
7/10/2021 19:00,1921.412495,1572,1828.3
7/10/2021 20:00,2039.453812,1862,2063.7
7/10/2021 21:00,2087.585194,1834,2171.8
7/10/2021 22:00,2087.427319,1694,2130.4
7/10/2021 23:00,2063.454395,1573,2046.7
8/10/2021 00:00,1781.448673,1445,1957.9
8/10/2021 01:00,1663.507088,1609,1848.8
8/10/2021 02:00,1600.490467,1497,1719.8
8/10/2021 03:00,1557.37578,1476,1652.4
8/10/2021 04:00,1495.012634,1413,1578.3
8/10/2021 05:00,1456.820086,1459,1549.1
8/10/2021 06:00,1455.784304,1479,1535.4
8/10/2021 07:00,1449.744331,1476,1480
8/10/2021 08:00,1492.302525,1472,1489.9
8/10/2021 09:00,1509.010122,1552,1568.7
8/10/2021 10:00,1543.137926,1620,1625.8
8/10/2021 11:00,1558.504354,1616,1639.7
8/10/2021 12:00,1520.554415,1577,1635.9
8/10/2021 13:00,1549.074451,1518,1622.9
8/10/2021 14:00,1548.336679,1501,1599.5
8/10/2021 15:00,1558.324308,1419,1577.5
8/10/2021 16:00,1587.776024,1408,1568.1
8/10/2021 17:00,1641.977339,1462,1602.7
8/10/2021 18:00,1665.296415,1485,1627.2
8/10/2021 19:00,1725.078396,1747,1672.1
8/10/2021 20:00,1892.325497,1873,1891.4
8/10/2021 21:00,1947.541595,1810,2009.8
8/10/2021 22:00,1948.090252,1683,1980.7
8/10/2021 23:00,1905.483261,1617,1911.6
9/10/2021 00:00,1959.598305,1545,1811.7
9/10/2021 01:00,1862.973686,1594,1709
9/10/2021 02:00,1722.607567,1505,1623.2
9/10/2021 03:00,1650.283073,1473,1572.7
9/10/2021 04:00,1573.708071,1461,1543.4
9/10/2021 05:00,1536.560913,1517,1530.9
9/10/2021 06:00,1529.775688,1545,1633.5
9/10/2021 07:00,1487.202112,1451,1546.3
9/10/2021 08:00,1505.023853,1566,1593.9
9/10/2021 09:00,1571.276642,1711,1598.3
9/10/2021 10:00,1629.3465,1790,1726.4
9/10/2021 11:00,1634.365709,1861,1742.9
9/10/2021 12:00,1623.453522,1860,1723.8
9/10/2021 13:00,1619.433859,1768,1693.7
9/10/2021 14:00,1598.266541,1726,1671.7
9/10/2021 15:00,1571.649124,1706,1637.7
9/10/2021 16:00,1574.639288,1676,1635.6
9/10/2021 17:00,1595.807552,1737,1649.4
9/10/2021 18:00,1630.063229,1741,1649.6
9/10/2021 19:00,1685.796253,1828,1745.9
9/10/2021 20:00,1881.623714,1971,1932.2
9/10/2021 21:00,1986.054127,2036,1972.2
9/10/2021 22:00,1975.625763,1886,1939
9/10/2021 23:00,1900.215302,1833,1846.6
10/10/2021 00:00,1707.233303,1691,1810
10/10/2021 01:00,1644.587605,1533,1683.4
10/10/2021 02:00,1582.733589,1446,1604.9
10/10/2021 03:00,1525.858595,1413,1531.1
10/10/2021 04:00,1475.297102,1368,1533.5
10/10/2021 05:00,1440.341368,1359,1515.6
10/10/2021 06:00,1419.689112,1373,1476.7
10/10/2021 07:00,1353.461798,1340,1410.6
10/10/2021 08:00,1330.224388,1403,1397.1
10/10/2021 09:00,1322.89661,1386,1454.1
10/10/2021 10:00,1330.891726,1394,1505.7
10/10/2021 11:00,1359.561693,1432,1555.9
10/10/2021 12:00,1365.430983,1480,1573.1
10/10/2021 13:00,1401.346256,1485,1552.1
10/10/2021 14:00,1414.608744,1449,1484.3
10/10/2021 15:00,1425.630699,1423,1510.9
10/10/2021 16:00,1437.454779,1426,1509.2
10/10/2021 17:00,1467.861004,1457,1494.4
10/10/2021 18:00,1496.787743,1482,1492.3
10/10/2021 19:00,1574.648161,1642,1546.8
10/10/2021 20:00,1723.667408,1828,1767.9
10/10/2021 21:00,1793.600754,1858,1868.4
10/10/2021 22:00,1787.804352,1813,1829.8
10/10/2021 23:00,1743.846001,1743,1771.3
11/10/2021 00:00,1698.615204,1598,1702.5
11/10/2021 01:00,1626.079199,1423,1591.4
11/10/2021 02:00,1548.450617,1376,1477.6
11/10/2021 03:00,1481.481495,1332,1440.2
11/10/2021 04:00,1440.392124,1299,1374.3
11/10/2021 05:00,1393.778521,1305,1354
11/10/2021 06:00,1339.971748,1351,1353.5
11/10/2021 07:00,1278.412495,1212,1299.5
11/10/2021 08:00,1268.160835,1242,1288.1
11/10/2021 09:00,1306.179522,1272,1362.5
11/10/2021 10:00,1368.720337,1375,1436.4
11/10/2021 11:00,1439.064333,1421,1493.9
11/10/2021 12:00,1479.263905,1394,1519.7
11/10/2021 13:00,1487.27977,1358,1533.6
11/10/2021 14:00,1430.54883,1256,1516.7
11/10/2021 15:00,1438.604563,1235,1492.7
11/10/2021 16:00,1436.807526,1253,1483.2
11/10/2021 17:00,1425.460135,1230,1481.2
11/10/2021 18:00,1442.535654,1295,1489.8
11/10/2021 19:00,1499.859779,1405,1519.2
11/10/2021 20:00,1688.168015,1658,1692
11/10/2021 21:00,1768.657635,1705,1827.8
11/10/2021 22:00,1756.560696,1657,1826.2
11/10/2021 23:00,1711.701363,1605,1755.5
12/10/2021 00:00,1724.978077,1545,1655.9
12/10/2021 01:00,1601.530005,1421,1554.8
12/10/2021 02:00,1491.647104,1385,1457.4
12/10/2021 03:00,1438.996391,1369,1398.7
12/10/2021 04:00,1403.392714,1390,1387.1
12/10/2021 05:00,1408.329309,1418,1413.8
12/10/2021 06:00,1416.01829,1477,1469.7
12/10/2021 07:00,1425.031206,1580,1451.3
12/10/2021 08:00,1468.005545,1572,1557.6
12/10/2021 09:00,1534.004648,1667,1630
12/10/2021 10:00,1609.55619,1753,1711.1
12/10/2021 11:00,1652.352444,1767,1747.6
12/10/2021 12:00,1679.989201,1731,1779.4
12/10/2021 13:00,1677.342606,1677,1797.3
12/10/2021 14:00,1661.827969,1595,1810.2
12/10/2021 15:00,1641.09853,1580,1794.3
12/10/2021 16:00,1619.122093,1575,1787.1
12/10/2021 17:00,1611.509842,1586,1803.1
12/10/2021 18:00,1609.853836,1568,1759.3
12/10/2021 19:00,1630.618778,1731,1800.7
12/10/2021 20:00,1713.247864,1899,1964.5
12/10/2021 21:00,1844.021519,1893,2066.2
12/10/2021 22:00,1854.864403,1767,2004.8
12/10/2021 23:00,1792.914021,1583,1937.9
13/10/2021 00:00,1683.975418,1470,1811.8
13/10/2021 01:00,1574.327787,1631,1725.3
13/10/2021 02:00,1478.101542,1499,1654.2
13/10/2021 03:00,1424.85829,1485,1592.9
13/10/2021 04:00,1405.436789,1509,1593.1
13/10/2021 05:00,1407.610548,1530,1610.4
13/10/2021 06:00,1429.953705,1581,1621.5
13/10/2021 07:00,1437.356913,1634,1624
13/10/2021 08:00,1506.842606,1688,1699
13/10/2021 09:00,1608.217663,1729,1762.6
13/10/2021 10:00,1717.768261,1853,1855.8
13/10/2021 11:00,1760.945442,1801,1907.3
13/10/2021 12:00,1791.780361,1749,1906
13/10/2021 13:00,1806.197021,1713,1891
13/10/2021 14:00,1802.531116,1647,1843.3
13/10/2021 15:00,1771.922489,1621,1828.9
13/10/2021 16:00,1755.211136,1624,1775.9
13/10/2021 17:00,1765.741875,1574,1825.5
13/10/2021 18:00,1728.891697,1603,1812.6
13/10/2021 19:00,1793.53035,1832,1852.4
13/10/2021 20:00,1947.379692,1974,1971.4
13/10/2021 21:00,2005.731968,1963,2025.5
13/10/2021 22:00,1993.104916,1844,2003.1
13/10/2021 23:00,1946.98772,1674,1907.2
14/10/2021 00:00,1829.682945,1582,1837.8
14/10/2021 01:00,1733.274918,1562,1730.6
14/10/2021 02:00,1650.073189,1499,1669.2
14/10/2021 03:00,1568.722084,1449,1614.8
14/10/2021 04:00,1545.227507,1456,1593.3
14/10/2021 05:00,1538.665112,1552,1595.9
14/10/2021 06:00,1546.573143,1571,1604.9
14/10/2021 07:00,1529.944593,1540,1593.7
14/10/2021 08:00,1586.665735,1667,1670.9
14/10/2021 09:00,1670.473114,1712,1741.2
14/10/2021 10:00,1729.778538,1868,1803.1
14/10/2021 11:00,1739.94128,1808,1838.8
14/10/2021 12:00,1746.90649,1792,1819.5
14/10/2021 13:00,1737.470516,1760,1848
14/10/2021 14:00,1706.318966,1675,1811.7
14/10/2021 15:00,1688.166832,1661,1794.4
14/10/2021 16:00,1647.938023,1741,1776.9
14/10/2021 17:00,1669.602066,1737,1789.9
14/10/2021 18:00,1678.773235,1693,1778.3
14/10/2021 19:00,1753.620708,1825,1840.8
14/10/2021 20:00,1922.843407,2101,2007.6
14/10/2021 21:00,1990.102322,2038,2082.9
14/10/2021 22:00,2002.435936,1910,2060.5
14/10/2021 23:00,1938.959763,1736,1977
15/10/2021 00:00,1865.21059,1616,1857.6
15/10/2021 01:00,1754.107891,1628,1749
15/10/2021 02:00,1680.844315,1575,1699.9
15/10/2021 03:00,1597.516266,1566,1645.7
15/10/2021 04:00,1559.918169,1561,1594.9
15/10/2021 05:00,1539.787216,1567,1604.6
15/10/2021 06:00,1543.90963,1585,1641.3
15/10/2021 07:00,1548.891453,1565,1614
15/10/2021 08:00,1628.341452,1650,1709.1
15/10/2021 09:00,1708.733067,1783,1796.4
15/10/2021 10:00,1791.973976,1843,1826.9
15/10/2021 11:00,1811.54052,1864,1872.8
15/10/2021 12:00,1778.587448,1853,1862.5
15/10/2021 13:00,1777.908752,1818,1835.4
15/10/2021 14:00,1738.892456,1773,1770.6
15/10/2021 15:00,1708.927986,1720,1787.4
15/10/2021 16:00,1708.504169,1700,1760.5
15/10/2021 17:00,1737.201965,1704,1758.8
15/10/2021 18:00,1751.631027,1698,1780.9
15/10/2021 19:00,1855.655231,1787,1792.8
15/10/2021 20:00,1997.309502,2017,1971.8
15/10/2021 21:00,2047.24155,2101,2075.6
15/10/2021 22:00,2049.040638,1954,2069.4
15/10/2021 23:00,2010.801525,1809,2005.4
16/10/2021 00:00,1889.142818,1706,1919
16/10/2021 01:00,1770.18166,1639,1818
16/10/2021 02:00,1700.841328,1566,1757.9
16/10/2021 03:00,1631.100929,1529,1701
16/10/2021 04:00,1562.269312,1510,1629.8
16/10/2021 05:00,1547.330973,1552,1615.2
16/10/2021 06:00,1558.535587,1608,1611.8
16/10/2021 07:00,1550.930773,1505,1550
16/10/2021 08:00,1672.074104,1578,1603.2
16/10/2021 09:00,1749.702248,1653,1683.4
16/10/2021 10:00,1767.877434,1695,1752.1
16/10/2021 11:00,1762.09763,1645,1803
16/10/2021 12:00,1726.89402,1614,1768.9
16/10/2021 13:00,1712.73241,1564,1747.6
16/10/2021 14:00,1666.654308,1528,1697.4
16/10/2021 15:00,1670.57835,1473,1658
16/10/2021 16:00,1668.418285,1476,1652.6
16/10/2021 17:00,1688.078098,1437,1643.6
16/10/2021 18:00,1741.585846,1498,1664.7
16/10/2021 19:00,1813.227085,1647,1672.6
16/10/2021 20:00,2000.543354,1991,1839.6
16/10/2021 21:00,2069.201271,1953,1958.3
16/10/2021 22:00,2057.453621,1804,1943.3
16/10/2021 23:00,1997.800728,1707,1839.2
17/10/2021 00:00,1722.08651,1581,1797.6
17/10/2021 01:00,1654.646736,1556,1660.3
17/10/2021 02:00,1595.787281,1446,1587
17/10/2021 03:00,1551.240089,1419,1541.9
17/10/2021 04:00,1470.336668,1395,1491.6
17/10/2021 05:00,1440.044205,1395,1455.2
17/10/2021 06:00,1429.661451,1439,1440
17/10/2021 07:00,1403.701698,1403,1324.4
17/10/2021 08:00,1385.433048,1332,1326.7
17/10/2021 09:00,1331.003067,1346,1396
17/10/2021 10:00,1323.98896,1407,1471.2
17/10/2021 11:00,1357.024782,1456,1521.7
17/10/2021 12:00,1360.655708,1487,1506.5
17/10/2021 13:00,1372.879749,1492,1496.8
17/10/2021 14:00,1376.023613,1456,1422.8
17/10/2021 15:00,1370.825466,1390,1395.8
17/10/2021 16:00,1380.788782,1378,1385.3
17/10/2021 17:00,1415.464897,1384,1408.7
17/10/2021 18:00,1463.343222,1453,1384.2
17/10/2021 19:00,1549.197449,1655,1440.9
17/10/2021 20:00,1712.47402,1827,1601.4
17/10/2021 21:00,1866.672379,1805,1766.4
17/10/2021 22:00,1871.67168,1730,1717.4
17/10/2021 23:00,1817.628975,1649,1683.4
18/10/2021 00:00,1842.02993,1580,1643
18/10/2021 01:00,1710.653122,1513,1527.9
18/10/2021 02:00,1616.741213,1441,1498.8
18/10/2021 03:00,1557.433704,1402,1476.4
18/10/2021 04:00,1514.498848,1378,1461
18/10/2021 05:00,1491.673309,1423,1467.5
18/10/2021 06:00,1485.54253,1450,1519.9
18/10/2021 07:00,1482.469063,1435,1494.3
18/10/2021 08:00,1489.542862,1581,1600.3
18/10/2021 09:00,1529.557796,1700,1735.4
18/10/2021 10:00,1608.163174,1793,1793.7
18/10/2021 11:00,1658.825378,1826,1823.7
18/10/2021 12:00,1681.612339,1812,1843.9
18/10/2021 13:00,1671.645164,1798,1896.3
18/10/2021 14:00,1671.985195,1743,1835.3
18/10/2021 15:00,1652.836731,1748,1782.3
18/10/2021 16:00,1630.719883,1781,1817.9
18/10/2021 17:00,1617.124252,1756,1783.5
18/10/2021 18:00,1628.607784,1716,1819.6
18/10/2021 19:00,1638.332047,1804,1818.7
18/10/2021 20:00,1710.510506,2049,1912.6
18/10/2021 21:00,1806.135448,2047,2090
18/10/2021 22:00,1797.87376,1968,2064.7
18/10/2021 23:00,1785.027958,1810,1975.8
19/10/2021 00:00,1720.274986,1654,1803.6
19/10/2021 01:00,1599.987764,1503,1722.3
19/10/2021 02:00,1554.46734,1467,1692.8
19/10/2021 03:00,1515.73562,1462,1593.3
19/10/2021 04:00,1494.786106,1478,1560.3
19/10/2021 05:00,1496.790342,1496,1586.7
19/10/2021 06:00,1517.50005,1503,1647.8
19/10/2021 07:00,1513.09301,1608,1616.9
19/10/2021 08:00,1548.17955,1646,1702.9
19/10/2021 09:00,1653.654297,1766,1794.8
19/10/2021 10:00,1720.750267,1831,1870.1
19/10/2021 11:00,1729.073528,1882,1887.7
19/10/2021 12:00,1732.506134,1864,1921.7
19/10/2021 13:00,1742.60387,1826,1922.5
19/10/2021 14:00,1696.65934,1745,1862.3
19/10/2021 15:00,1656.647797,1684,1870.8
19/10/2021 16:00,1669.960102,1670,1819.5
19/10/2021 17:00,1657.882374,1706,1853
19/10/2021 18:00,1705.718933,1683,1825.2
19/10/2021 19:00,1749.725628,1768,1836.5
19/10/2021 20:00,1880.67268,2059,1935.5
19/10/2021 21:00,2004.473892,2042,2092.5
19/10/2021 22:00,2014.149021,1930,2070.3
19/10/2021 23:00,1970.633339,1807,1967.3
20/10/2021 00:00,1823.111156,1681,1865.3
20/10/2021 01:00,1742.487019,1570,1741.3
20/10/2021 02:00,1688.69437,1545,1632.1
20/10/2021 03:00,1586.289225,1529,1582.1
20/10/2021 04:00,1541.6506,1535,1582.7
20/10/2021 05:00,1539.475876,1568,1596.5
20/10/2021 06:00,1572.118486,1563,1626
20/10/2021 07:00,1532.09046,1604,1580.7
20/10/2021 08:00,1578.395241,1749,1703.3
20/10/2021 09:00,1665.828075,1796,1778.7
20/10/2021 10:00,1723.062656,1895,1864.7
20/10/2021 11:00,1731.998707,1942,1903.2
20/10/2021 12:00,1754.318077,1952,1920.7
20/10/2021 13:00,1749.341129,1945,1865.1
20/10/2021 14:00,1714.279381,1908,1823.2
20/10/2021 15:00,1705.049244,1890,1852.1
20/10/2021 16:00,1669.738148,1901,1869.9
20/10/2021 17:00,1689.614166,1941,1869
20/10/2021 18:00,1690.73484,1899,1889.4
20/10/2021 19:00,1750.018425,2003,1844.9
20/10/2021 20:00,1880.963505,2240,1984.9
20/10/2021 21:00,2004.521168,2175,2119.7
20/10/2021 22:00,2009.690041,2041,2068.8
20/10/2021 23:00,1956.838593,1939,1967.4
21/10/2021 00:00,1845.340816,1814,1859
21/10/2021 01:00,1725.821697,1651,1748.4
21/10/2021 02:00,1607.2544,1601,1681.8
21/10/2021 03:00,1544.028778,1580,1634.2
21/10/2021 04:00,1525.348917,1603,1627.6
21/10/2021 05:00,1518.570457,1625,1631.9
21/10/2021 06:00,1546.410908,1636,1627.2
21/10/2021 07:00,1485.423849,1613,1605.3
21/10/2021 08:00,1572.918144,1840,1677.2
21/10/2021 09:00,1642.872978,1894,1782.3
21/10/2021 10:00,1706.965248,1958,1845.4
21/10/2021 11:00,1737.204472,2000,1867.7
21/10/2021 12:00,1756.85701,1978,1880.6
21/10/2021 13:00,1750.288467,1932,1907.2
21/10/2021 14:00,1724.190758,1854,1961.2
21/10/2021 15:00,1738.66008,1833,1924.5
21/10/2021 16:00,1732.082294,1822,1940.3
21/10/2021 17:00,1718.974861,1750,1913.6
21/10/2021 18:00,1742.283653,1673,1935.6
21/10/2021 19:00,1742.831268,1744,1904.7
21/10/2021 20:00,1882.636803,2046,2020.7
21/10/2021 21:00,1995.653095,2030,2081.2
21/10/2021 22:00,1983.89455,1960,2017.2
21/10/2021 23:00,1931.526024,1862,1944.1
22/10/2021 00:00,1778.408901,1821,1868.4
22/10/2021 01:00,1671.351627,1790,1787.4
22/10/2021 02:00,1603.00432,1769,1709.8
22/10/2021 03:00,1542.927118,1771,1645.1
22/10/2021 04:00,1516.967115,1770,1659.4
22/10/2021 05:00,1502.643864,1774,1644.4
22/10/2021 06:00,1497.510397,1763,1646
22/10/2021 07:00,1485.171848,1774,1643.6
22/10/2021 08:00,1565.626381,1937,1704.1
22/10/2021 09:00,1634.522247,1985,1795.9
22/10/2021 10:00,1696.89175,2041,1813.3
22/10/2021 11:00,1724.006336,2068,1836
22/10/2021 12:00,1747.139938,2086,1866.3
22/10/2021 13:00,1747.201801,2026,1892.3
22/10/2021 14:00,1767.694603,2004,1896.6
22/10/2021 15:00,1736.516979,1992,1872
22/10/2021 16:00,1735.38715,1952,1870.1
22/10/2021 17:00,1716.570156,1880,1883
22/10/2021 18:00,1772.190144,1800,1849
22/10/2021 19:00,1800.863762,1871,1914.9
22/10/2021 20:00,1921.667622,2149,2030.7
22/10/2021 21:00,1998.18716,2124,2092.5
22/10/2021 22:00,1987.391853,2076,2031.1
22/10/2021 23:00,1933.889336,1976,1937.4
23/10/2021 00:00,1869.517567,1872,1850
23/10/2021 01:00,1754.248989,1697,1746.4
23/10/2021 02:00,1641.162321,1692,1705.2
23/10/2021 03:00,1568.05608,1642,1655.9
23/10/2021 04:00,1573.990572,1687,1604.9
23/10/2021 05:00,1573.119936,1685,1616.9
23/10/2021 06:00,1581.456255,1674,1589.8
23/10/2021 07:00,1578.34009,1676,1538.1
23/10/2021 08:00,1634.491682,1729,1571.7
23/10/2021 09:00,1738.856728,1780,1655.9
23/10/2021 10:00,1738.876015,1828,1739.5
23/10/2021 11:00,1720.602253,1839,1776.3
23/10/2021 12:00,1707.350559,1755,1781.3
23/10/2021 13:00,1718.201469,1745,1730.3
23/10/2021 14:00,1716.765133,1597,1680.2
23/10/2021 15:00,1707.029282,1603,1666.8
23/10/2021 16:00,1715.153851,1639,1661.4
23/10/2021 17:00,1735.634693,1660,1659.2
23/10/2021 18:00,1736.218483,1608,1632.3
23/10/2021 19:00,1836.133701,1734,1656.4
23/10/2021 20:00,1993.527847,2001,1814.7
23/10/2021 21:00,2052.16954,1913,1933.6
23/10/2021 22:00,2022.086185,1907,1876.3
23/10/2021 23:00,1933.326702,1801,1809.1
24/10/2021 00:00,1718.877548,1639,1726.3
24/10/2021 01:00,1658.88261,1600,1658.1
24/10/2021 02:00,1613.859659,1557,1555.2
24/10/2021 03:00,1568.034876,1518,1500.8
24/10/2021 04:00,1491.832668,1499,1498.1
24/10/2021 05:00,1456.020067,1483,1478.1
24/10/2021 06:00,1430.412739,1481,1447.1
24/10/2021 07:00,1382.299921,1361,1344.4
24/10/2021 08:00,1354.953505,1420,1312.5
24/10/2021 09:00,1319.047279,1511,1339.3
24/10/2021 10:00,1317.420099,1596,1404.2
24/10/2021 11:00,1341.968094,1562,1423.7
24/10/2021 12:00,1367.497597,1512,1438.9
24/10/2021 13:00,1385.117065,1467,1464
24/10/2021 14:00,1391.564224,1412,1448.6
24/10/2021 15:00,1386.28697,1443,1404.8
24/10/2021 16:00,1378.235968,1429,1408.6
24/10/2021 17:00,1391.696482,1411,1432.7
24/10/2021 18:00,1415.70084,1503,1378.7
24/10/2021 19:00,1490.441055,1569,1413.4
24/10/2021 20:00,1632.681416,1801,1545.4
24/10/2021 21:00,1770.903522,1778,1707.7
24/10/2021 22:00,1781.870117,1751,1720.2
24/10/2021 23:00,1751.50787,1694,1689.7
25/10/2021 00:00,1768.726662,1627,1626.5
25/10/2021 01:00,1667.021381,1656,1532.9
25/10/2021 02:00,1540.756311,1616,1475.8
25/10/2021 03:00,1467.047054,1598,1441.7
25/10/2021 04:00,1443.829617,1616,1426.2
25/10/2021 05:00,1424.346817,1647,1454.7
25/10/2021 06:00,1410.704168,1713,1515.9
25/10/2021 07:00,1422.981377,1756,1479.8
25/10/2021 08:00,1478.01935,1916,1628.8
25/10/2021 09:00,1555.16894,2059,1722.2
25/10/2021 10:00,1624.931149,2135,1766.9
25/10/2021 11:00,1678.837074,2146,1813.4
25/10/2021 12:00,1708.285534,2160,1854.8
25/10/2021 13:00,1759.203014,2104,1880.8
25/10/2021 14:00,1778.160088,2003,1847.5
25/10/2021 15:00,1781.14846,1960,1833.1
25/10/2021 16:00,1752.472103,1977,1867
25/10/2021 17:00,1738.8521,1944,1866.2
25/10/2021 18:00,1702.325375,1979,1842.9
25/10/2021 19:00,1676.530663,1962,1824.7
25/10/2021 20:00,1652.607658,2287,1955.8
25/10/2021 21:00,1729.879932,2221,2077.8
25/10/2021 22:00,1742.415668,2086,2030.7
25/10/2021 23:00,1738.809406,1966,1939.7
26/10/2021 00:00,1645.332565,1820,1809.3
26/10/2021 01:00,1550.902836,1807,1719.8
26/10/2021 02:00,1479.608435,1739,1651.5
26/10/2021 03:00,1438.538792,1697,1610.3
26/10/2021 04:00,1416.693808,1745,1609.6
26/10/2021 05:00,1424.075056,1765,1606.2
26/10/2021 06:00,1444.311529,1833,1610.2
26/10/2021 07:00,1449.549406,1798,1592
26/10/2021 08:00,1535.87031,2013,1695.3
26/10/2021 09:00,1623.370628,2131,1730.8
26/10/2021 10:00,1674.215874,2211,1822
26/10/2021 11:00,1752.834599,2291,1886.5
26/10/2021 12:00,1845.539963,2366,1930.6
26/10/2021 13:00,1867.984112,2349,1952.2
26/10/2021 14:00,1863.371422,2233,1956.4
26/10/2021 15:00,1855.721954,2220,1959.1
26/10/2021 16:00,1860.693237,2240,1979.2
26/10/2021 17:00,1860.10825,2212,1987.1
26/10/2021 18:00,1851.186275,2287,1919.3
26/10/2021 19:00,1796.533737,2266,1919.1
26/10/2021 20:00,1888.924591,2705,2048.6
26/10/2021 21:00,1980.03495,2570,2157.7
26/10/2021 22:00,1975.994404,2439,2163.7
26/10/2021 23:00,1916.586628,2306,2027.9
27/10/2021 00:00,1740.043777,2154,1923
27/10/2021 01:00,1636.130384,1831,1815.3
27/10/2021 02:00,1556.770386,1751,1705.5
27/10/2021 03:00,1514.381134,1749,1694.4
27/10/2021 04:00,1496.940487,1765,1658.2
27/10/2021 05:00,1483.731756,1812,1672.5
27/10/2021 06:00,1478.288118,1766,1675.6
27/10/2021 07:00,1491.086018,1842,1629.6
27/10/2021 08:00,1573.824459,2020,1757.5
27/10/2021 09:00,1630.387325,2087,1808.3
27/10/2021 10:00,1718.470478,2165,1901.4
27/10/2021 11:00,1815.52494,2199,2023.5
27/10/2021 12:00,1862.70425,2233,2083
27/10/2021 13:00,1875.588253,2198,2142.9
27/10/2021 14:00,1872.869976,2167,2154.4
27/10/2021 15:00,1875.58633,2211,2144.9
27/10/2021 16:00,1879.842777,2191,2160.8
27/10/2021 17:00,1880.727371,2149,2158.1
27/10/2021 18:00,1845.528606,2067,2119.6
27/10/2021 19:00,1823.613762,2133,2070.7
27/10/2021 20:00,1933.360802,2397,2120.8
27/10/2021 21:00,2019.084747,2345,2234.3
27/10/2021 22:00,2034.574089,2143,2150.2
27/10/2021 23:00,1967.447559,2062,2018.2
28/10/2021 00:00,1817.459469,1982,1948.6
28/10/2021 01:00,1708.142853,1892,1837
28/10/2021 02:00,1592.736773,1791,1805.5
28/10/2021 03:00,1567.705753,1745,1734.8
28/10/2021 04:00,1529.676746,1803,1715.6
28/10/2021 05:00,1533.124243,1785,1690.4
28/10/2021 06:00,1528.14271,1722,1682.3
28/10/2021 07:00,1509.047432,1717,1663.5
28/10/2021 08:00,1605.360325,1953,1774.5
28/10/2021 09:00,1660.22443,2154,1923
28/10/2021 10:00,1738.088276,2208,2022.9
28/10/2021 11:00,1849.899437,2223,2145.9
28/10/2021 12:00,1919.622597,2301,2252.3
28/10/2021 13:00,1949.151737,2361,2292.4
28/10/2021 14:00,1923.279449,2415,2299
28/10/2021 15:00,1897.8652,2351,2286.1
28/10/2021 16:00,1896.746487,2351,2288.5
28/10/2021 17:00,1895.15469,2362,2341
28/10/2021 18:00,1892.706608,2376,2321
28/10/2021 19:00,1901.540844,2306,2223.5
28/10/2021 20:00,1964.568802,2545,2267.5
28/10/2021 21:00,2044.912037,2554,2360.4
28/10/2021 22:00,2032.799046,2443,2315.9
28/10/2021 23:00,1965.410076,2319,2190.3
29/10/2021 00:00,1840.735008,2098,2049.5
29/10/2021 01:00,1713.198086,1982,1955.7
29/10/2021 02:00,1667.004395,1892,1855.5
29/10/2021 03:00,1596.017477,1791,1781.7
29/10/2021 04:00,1568.273327,1745,1773.9
29/10/2021 05:00,1540.83865,1803,1755.4
29/10/2021 06:00,1530.711443,1785,1719.7
29/10/2021 07:00,1520.466867,1722,1681.6
29/10/2021 08:00,1601.942554,1717,1771.1
29/10/2021 09:00,1698.172043,1953,1886.2
29/10/2021 10:00,1793.197701,2154,2060
29/10/2021 11:00,1883.172024,2208,2130.8
29/10/2021 12:00,1941.466404,2223,2204.8
29/10/2021 13:00,1936.451637,2301,2258.9
29/10/2021 14:00,1915.647999,2361,2287
29/10/2021 15:00,1908.834888,2415,2321.6
29/10/2021 16:00,1901.868206,2351,2266.5
29/10/2021 17:00,1905.048767,2351,2248.7
29/10/2021 18:00,1914.516499,2362,2242.1
29/10/2021 19:00,1943.6525,2376,2193.7
29/10/2021 20:00,1985.407471,2306,2211.7
29/10/2021 21:00,2043.084526,2545,2296.6
29/10/2021 22:00,2061.723721,2554,2214.7
29/10/2021 23:00,2027.413773,2443,2136.4
30/10/2021 00:00,1908.445221,2319,2027.8
30/10/2021 01:00,1811.882137,1982,1925.7
30/10/2021 02:00,1702.193279,1892,1826.8
30/10/2021 03:00,1634.060547,1791,1776
30/10/2021 04:00,1619.692986,1745,1703.4
30/10/2021 05:00,1603.210192,1803,1684.4
30/10/2021 06:00,1577.170401,1785,1715.9
30/10/2021 07:00,1510.480232,1722,1619.3
30/10/2021 08:00,1536.055487,1717,1692.5
30/10/2021 09:00,1607.316643,1953,1806.4
30/10/2021 10:00,1738.720592,2154,1899.7
30/10/2021 11:00,1783.964836,2208,1961.9
30/10/2021 12:00,1814.901318,2223,2027.3
30/10/2021 13:00,1809.121449,2301,2088.1
30/10/2021 14:00,1807.803902,2361,2057.8
30/10/2021 15:00,1810.708021,2415,2045.4
30/10/2021 16:00,1822.095341,2351,2013.9
30/10/2021 17:00,1834.845623,2351,2023.3
30/10/2021 18:00,1858.092106,2362,2027.9
30/10/2021 19:00,1891.860374,2376,2020.2
30/10/2021 20:00,1938.725761,2306,2029.6
30/10/2021 21:00,2013.778645,2545,2152.9
30/10/2021 22:00,2003.491566,2554,2082.5
30/10/2021 23:00,1958.312775,2443,1997.7
31/10/2021 00:00,1721.351002,2319,1885.1
31/10/2021 01:00,1624.002251,1799,1820.1
31/10/2021 02:00,1550.086996,1710,1730.5
31/10/2021 03:00,1491.539349,1685,1664.3
31/10/2021 04:00,1438.847517,1676,1575.8
31/10/2021 05:00,1400.280491,1641,1547.9
31/10/2021 06:00,1351.639503,1597,1489.9
31/10/2021 07:00,1308.553274,1526,1409.6
31/10/2021 08:00,1295.202843,1567,1412.9
31/10/2021 09:00,1328.102364,1598,1429.6
31/10/2021 10:00,1376.587477,1642,1474.1
31/10/2021 11:00,1445.757019,1646,1496.4
31/10/2021 12:00,1513.083002,1633,1549.5
31/10/2021 13:00,1546.794046,1606,1558.3
31/10/2021 14:00,1520.758732,1522,1523.8
31/10/2021 15:00,1504.001276,1515,1528.5
31/10/2021 16:00,1515.961651,1535,1492.9
31/10/2021 17:00,1556.859362,1598,1499.4
31/10/2021 18:00,1609.860474,1599,1525.8
31/10/2021 19:00,1670.587444,1714,1549.9
31/10/2021 20:00,1732.617184,1965,1711.4
31/10/2021 21:00,1825.713928,1946,1807.7
31/10/2021 22:00,1837.624359,1885,1812.4
31/10/2021 23:00,1797.621273,1749,1748.8
